ticket_id,opened,resolved,priority,category,caller_name,caller_email
INC100001,2026-07-08 11:14,2026-07-08 16:08,P2,Password reset,User 0017,user.0017@example.com
INC100002,2026-07-06 09:13,2026-07-06 21:55,P3,Password reset,User 0367,user.0367@example.com
INC100003,2026-07-10 14:14,2026-07-11 03:57,P3,Password reset,User 0217,user.0217@example.com
INC100004,2026-07-08 12:09,2026-07-09 01:40,P3,Password reset,User 0195,user.0195@example.com
INC100005,2026-07-06 13:54,2026-07-06 23:26,P3,Password reset,User 0194,user.0194@example.com
INC100006,2026-07-06 16:18,2026-07-09 02:39,P4,Password reset,User 0296,user.0296@example.com
INC100007,2026-07-07 09:02,2026-07-07 17:00,P3,Password reset,User 0187,user.0187@example.com
INC100008,2026-07-07 13:22,2026-07-08 04:08,P3,Password reset,User 0088,user.0088@example.com
INC100009,2026-07-10 11:10,2026-07-10 23:59,P3,Password reset,User 0167,user.0167@example.com
INC100010,2026-07-06 11:52,2026-07-06 15:34,P2,Password reset,User 0109,user.0109@example.com
INC100011,2026-07-10 13:13,2026-07-10 16:03,P3,Password reset,User 0235,user.0235@example.com
INC100012,2026-07-07 12:08,2026-07-07 23:01,P3,Password reset,User 0300,user.0300@example.com
INC100013,2026-07-09 17:25,2026-07-10 03:08,P3,Password reset,User 0057,user.0057@example.com
INC100014,2026-07-07 10:50,2026-07-07 22:35,P3,Password reset,User 0306,user.0306@example.com
INC100015,2026-07-09 16:16,2026-07-11 18:17,P4,Password reset,User 0275,user.0275@example.com
INC100016,2026-07-08 13:07,2026-07-09 11:43,P3,Password reset,User 0257,user.0257@example.com
INC100017,2026-07-07 16:58,2026-07-08 01:15,P2,Password reset,User 0260,user.0260@example.com
INC100018,2026-07-10 11:09,2026-07-10 23:21,P3,Password reset,User 0058,user.0058@example.com
INC100019,2026-07-08 12:15,2026-07-08 14:39,P2,Password reset,User 0036,user.0036@example.com
INC100020,2026-07-10 10:08,2026-07-10 20:53,P3,Password reset,User 0109,user.0109@example.com
INC100021,2026-07-10 11:45,2026-07-10 20:30,P3,Password reset,User 0062,user.0062@example.com
INC100022,2026-07-07 11:04,2026-07-07 22:19,P3,Account lockout,User 0113,user.0113@example.com
INC100023,2026-07-06 09:45,2026-07-06 14:10,P3,Account lockout,User 0110,user.0110@example.com
INC100024,2026-07-10 10:46,2026-07-11 16:17,P4,Account lockout,User 0243,user.0243@example.com
INC100025,2026-07-09 11:06,2026-07-09 15:12,P2,Account lockout,User 0240,user.0240@example.com
INC100026,2026-07-06 09:03,2026-07-06 12:04,P3,Account lockout,User 0128,user.0128@example.com
INC100027,2026-07-07 11:34,2026-07-07 20:30,P3,Account lockout,User 0128,user.0128@example.com
INC100028,2026-07-06 15:51,2026-07-07 19:11,P4,Account lockout,User 0277,user.0277@example.com
INC100029,2026-07-06 09:59,2026-07-06 16:18,P3,Account lockout,User 0247,user.0247@example.com
INC100030,2026-07-07 14:57,2026-07-07 16:53,P2,Account lockout,User 0233,user.0233@example.com
INC100031,2026-07-08 14:44,2026-07-09 23:54,P4,Account lockout,User 0152,user.0152@example.com
INC100032,2026-07-07 08:37,2026-07-07 13:47,P3,Account lockout,User 0026,user.0026@example.com
INC100033,2026-07-10 10:03,2026-07-11 02:01,P4,Outlook / email,User 0305,user.0305@example.com
INC100034,2026-07-06 11:25,2026-07-06 18:07,P2,Outlook / email,User 0305,user.0305@example.com
INC100035,2026-07-06 17:05,2026-07-07 05:03,P3,Outlook / email,User 0134,user.0134@example.com
INC100036,2026-07-07 13:15,2026-07-07 16:40,P3,Outlook / email,User 0235,user.0235@example.com
INC100037,2026-07-08 09:00,2026-07-08 14:43,P3,Outlook / email,User 0136,user.0136@example.com
INC100038,2026-07-07 13:56,2026-07-07 17:20,P2,Outlook / email,User 0225,user.0225@example.com
INC100039,2026-07-10 12:39,2026-07-12 12:44,P4,Outlook / email,User 0342,user.0342@example.com
INC100040,2026-07-10 12:59,2026-07-10 23:45,P3,Outlook / email,User 0310,user.0310@example.com
INC100041,2026-07-07 13:13,2026-07-08 10:03,P3,Outlook / email,User 0129,user.0129@example.com
INC100042,2026-07-06 09:40,2026-07-07 07:14,P3,Outlook / email,User 0135,user.0135@example.com
INC100043,2026-07-07 15:35,2026-07-08 02:18,P3,VPN,User 0354,user.0354@example.com
INC100044,2026-07-07 16:02,2026-07-08 20:31,P4,VPN,User 0066,user.0066@example.com
INC100045,2026-07-06 12:23,2026-07-08 06:15,P4,VPN,User 0128,user.0128@example.com
INC100046,2026-07-06 13:49,2026-07-06 21:03,P3,VPN,User 0091,user.0091@example.com
INC100047,2026-07-09 08:11,2026-07-09 23:39,P3,VPN,User 0360,user.0360@example.com
INC100048,2026-07-09 11:12,2026-07-10 11:50,P4,MFA / Authenticator,User 0117,user.0117@example.com
INC100049,2026-07-07 08:42,2026-07-07 11:24,P3,MFA / Authenticator,User 0396,user.0396@example.com
INC100050,2026-07-08 13:41,2026-07-09 22:17,P3,MFA / Authenticator,User 0170,user.0170@example.com
INC100051,2026-07-06 09:56,2026-07-07 06:13,P4,MFA / Authenticator,User 0223,user.0223@example.com
INC100052,2026-07-08 13:27,2026-07-08 23:38,P3,MFA / Authenticator,User 0296,user.0296@example.com
INC100053,2026-07-07 12:02,2026-07-07 23:32,P3,MFA / Authenticator,User 0380,user.0380@example.com
INC100054,2026-07-07 13:27,2026-07-07 18:53,P2,MFA / Authenticator,User 0161,user.0161@example.com
INC100055,2026-07-06 12:32,2026-07-06 21:04,P3,MFA / Authenticator,User 0152,user.0152@example.com
INC100056,2026-07-10 10:12,2026-07-11 15:35,P3,MFA / Authenticator,User 0155,user.0155@example.com
INC100057,2026-07-09 16:53,2026-07-09 18:22,P1,MFA / Authenticator,User 0297,user.0297@example.com
INC100058,2026-07-10 13:29,2026-07-11 03:57,P3,MFA / Authenticator,User 0377,user.0377@example.com
INC100059,2026-07-07 09:18,2026-07-07 21:35,P3,MFA / Authenticator,User 0385,user.0385@example.com
INC100060,2026-07-07 12:14,2026-07-09 05:37,P4,Printer,User 0323,user.0323@example.com
INC100061,2026-07-10 11:45,2026-07-10 21:40,P3,Printer,User 0336,user.0336@example.com
INC100062,2026-07-06 09:49,2026-07-06 20:00,P3,Printer,User 0128,user.0128@example.com
INC100063,2026-07-06 15:08,2026-07-13 04:50,P4,Printer,User 0227,user.0227@example.com
INC100064,2026-07-10 16:27,2026-07-12 08:47,P4,Printer,User 0381,user.0381@example.com
INC100065,2026-07-09 15:16,2026-07-10 07:29,P3,Printer,User 0399,user.0399@example.com
INC100066,2026-07-10 15:40,2026-07-10 23:43,P3,Printer,User 0121,user.0121@example.com
INC100067,2026-07-08 13:20,2026-07-09 12:09,P4,Printer,User 0110,user.0110@example.com
INC100068,2026-07-06 14:26,2026-07-07 00:03,P3,Printer,User 0216,user.0216@example.com
INC100069,2026-07-09 17:44,2026-07-09 21:43,P1,Printer,User 0245,user.0245@example.com
INC100070,2026-07-09 14:34,2026-07-10 01:50,P3,Laptop hardware,User 0113,user.0113@example.com
INC100071,2026-07-09 11:17,2026-07-09 16:06,P3,Laptop hardware,User 0348,user.0348@example.com
INC100072,2026-07-09 10:53,2026-07-09 14:30,P3,Laptop hardware,User 0014,user.0014@example.com
INC100073,2026-07-09 17:36,2026-07-09 22:19,P3,Laptop hardware,User 0237,user.0237@example.com
INC100074,2026-07-07 08:16,2026-07-07 14:42,P3,Laptop hardware,User 0390,user.0390@example.com
INC100075,2026-07-09 12:48,2026-07-10 05:24,P4,Laptop hardware,User 0241,user.0241@example.com
INC100076,2026-07-06 16:03,2026-07-07 09:23,P4,Laptop hardware,User 0334,user.0334@example.com
INC100077,2026-07-06 08:15,2026-07-06 11:22,P3,Laptop hardware,User 0289,user.0289@example.com
INC100078,2026-07-07 15:44,2026-07-07 22:50,P3,Software request,User 0383,user.0383@example.com
INC100079,2026-07-06 10:19,2026-07-06 12:57,P2,Software request,User 0347,user.0347@example.com
INC100080,2026-07-09 14:45,2026-07-10 08:14,P3,Software request,User 0125,user.0125@example.com
INC100081,2026-07-06 12:54,2026-07-06 23:38,P3,Software request,User 0273,user.0273@example.com
INC100082,2026-07-09 13:04,2026-07-09 16:26,P3,Software request,User 0251,user.0251@example.com
INC100083,2026-07-06 14:23,2026-07-07 22:09,P3,Software request,User 0223,user.0223@example.com
INC100084,2026-07-07 16:41,2026-07-08 12:33,P3,Software request,User 0248,user.0248@example.com
INC100085,2026-07-09 14:52,2026-07-09 16:52,P3,Software request,User 0045,user.0045@example.com
INC100086,2026-07-08 15:15,2026-07-09 03:40,P3,Software request,User 0173,user.0173@example.com
INC100087,2026-07-06 15:54,2026-07-07 01:42,P3,Software request,User 0133,user.0133@example.com
INC100088,2026-07-08 16:00,2026-07-08 22:34,P3,Network / Wi-Fi,User 0209,user.0209@example.com
INC100089,2026-07-09 16:48,2026-07-10 01:58,P3,Network / Wi-Fi,User 0230,user.0230@example.com
INC100090,2026-07-06 09:18,2026-07-06 22:35,P3,Network / Wi-Fi,User 0298,user.0298@example.com
INC100091,2026-07-08 15:35,2026-07-08 22:58,P3,Teams,User 0170,user.0170@example.com
INC100092,2026-07-08 15:17,2026-07-08 18:58,P3,Teams,User 0162,user.0162@example.com
INC100093,2026-07-06 16:48,2026-07-06 19:46,P3,Teams,User 0142,user.0142@example.com
INC100094,2026-07-10 16:38,2026-07-10 22:38,P3,Teams,User 0117,user.0117@example.com
INC100095,2026-07-08 10:19,2026-07-08 12:23,P1,Teams,User 0028,user.0028@example.com
INC100096,2026-07-10 12:44,2026-07-12 08:44,P4,Teams,User 0053,user.0053@example.com
INC100097,2026-07-06 17:18,2026-07-07 02:34,P3,Teams,User 0027,user.0027@example.com
INC100098,2026-07-08 15:07,2026-07-09 14:36,P4,Teams,User 0323,user.0323@example.com
INC100099,2026-07-06 10:09,2026-07-07 01:20,P4,Teams,User 0214,user.0214@example.com
INC100100,2026-07-14 16:24,2026-07-14 22:57,P3,Password reset,User 0220,user.0220@example.com
INC100101,2026-07-15 17:39,2026-07-16 01:23,P2,Password reset,User 0136,user.0136@example.com
INC100102,2026-07-13 10:15,2026-07-13 14:20,P2,Password reset,User 0150,user.0150@example.com
INC100103,2026-07-13 11:18,2026-07-14 01:57,P3,Password reset,User 0352,user.0352@example.com
INC100104,2026-07-14 12:50,2026-07-15 04:51,P3,Password reset,User 0102,user.0102@example.com
INC100105,2026-07-16 09:34,2026-07-16 15:40,P3,Password reset,User 0073,user.0073@example.com
INC100106,2026-07-13 08:10,2026-07-14 01:36,P3,Password reset,User 0148,user.0148@example.com
INC100107,2026-07-16 09:29,2026-07-16 19:29,P3,Password reset,User 0042,user.0042@example.com
INC100108,2026-07-17 08:56,2026-07-17 16:46,P3,Password reset,User 0047,user.0047@example.com
INC100109,2026-07-14 17:37,2026-07-16 10:39,P4,Password reset,User 0334,user.0334@example.com
INC100110,2026-07-16 12:11,2026-07-17 06:57,P4,Password reset,User 0047,user.0047@example.com
INC100111,2026-07-16 13:26,2026-07-17 23:40,P3,Password reset,User 0169,user.0169@example.com
INC100112,2026-07-16 15:18,2026-07-16 21:49,P3,Password reset,User 0019,user.0019@example.com
INC100113,2026-07-16 09:20,2026-07-16 18:55,P3,Password reset,User 0266,user.0266@example.com
INC100114,2026-07-15 17:48,2026-07-16 03:11,P3,Password reset,User 0137,user.0137@example.com
INC100115,2026-07-17 10:59,2026-07-18 08:22,P3,Account lockout,User 0015,user.0015@example.com
INC100116,2026-07-17 11:45,2026-07-17 16:39,P2,Account lockout,User 0048,user.0048@example.com
INC100117,2026-07-14 09:29,2026-07-15 16:08,P4,Account lockout,User 0367,user.0367@example.com
INC100118,2026-07-15 16:45,2026-07-15 22:18,P3,Account lockout,User 0197,user.0197@example.com
INC100119,2026-07-14 17:32,2026-07-14 22:08,P3,Account lockout,User 0137,user.0137@example.com
INC100120,2026-07-13 12:46,2026-07-13 22:38,P3,Account lockout,User 0276,user.0276@example.com
INC100121,2026-07-16 13:21,2026-07-17 00:12,P3,Account lockout,User 0165,user.0165@example.com
INC100122,2026-07-14 11:36,2026-07-15 06:13,P3,Account lockout,User 0163,user.0163@example.com
INC100123,2026-07-16 14:42,2026-07-17 02:43,P3,Outlook / email,User 0019,user.0019@example.com
INC100124,2026-07-14 16:37,2026-07-14 21:52,P3,Outlook / email,User 0204,user.0204@example.com
INC100125,2026-07-13 13:54,2026-07-14 11:10,P3,Outlook / email,User 0321,user.0321@example.com
INC100126,2026-07-16 16:02,2026-07-16 20:14,P3,Outlook / email,User 0148,user.0148@example.com
INC100127,2026-07-14 09:27,2026-07-16 21:03,P4,Outlook / email,User 0052,user.0052@example.com
INC100128,2026-07-16 10:44,2026-07-16 15:36,P3,Outlook / email,User 0029,user.0029@example.com
INC100129,2026-07-15 13:23,2026-07-15 19:46,P3,Outlook / email,User 0350,user.0350@example.com
INC100130,2026-07-14 10:11,2026-07-14 19:44,P2,Outlook / email,User 0124,user.0124@example.com
INC100131,2026-07-16 17:09,2026-07-17 06:09,P3,Outlook / email,User 0342,user.0342@example.com
INC100132,2026-07-13 15:57,2026-07-14 02:28,P3,Outlook / email,User 0177,user.0177@example.com
INC100133,2026-07-17 12:40,2026-07-19 00:51,P4,Outlook / email,User 0155,user.0155@example.com
INC100134,2026-07-14 14:54,2026-07-14 20:12,P3,Outlook / email,User 0295,user.0295@example.com
INC100135,2026-07-15 12:01,2026-07-16 19:57,P4,Outlook / email,User 0290,user.0290@example.com
INC100136,2026-07-13 17:47,2026-07-14 11:41,P3,Outlook / email,User 0118,user.0118@example.com
INC100137,2026-07-17 13:14,2026-07-18 03:56,P3,VPN,User 0370,user.0370@example.com
INC100138,2026-07-14 09:57,2026-07-14 14:38,P3,VPN,User 0068,user.0068@example.com
INC100139,2026-07-16 10:12,2026-07-16 23:16,P2,MFA / Authenticator,User 0272,user.0272@example.com
INC100140,2026-07-17 12:53,2026-07-17 20:23,P2,MFA / Authenticator,User 0174,user.0174@example.com
INC100141,2026-07-13 15:04,2026-07-13 17:48,P2,MFA / Authenticator,User 0008,user.0008@example.com
INC100142,2026-07-15 16:07,2026-07-16 09:19,P3,MFA / Authenticator,User 0300,user.0300@example.com
INC100143,2026-07-16 13:06,2026-07-16 22:21,P3,MFA / Authenticator,User 0288,user.0288@example.com
INC100144,2026-07-15 17:14,2026-07-16 06:12,P3,MFA / Authenticator,User 0359,user.0359@example.com
INC100145,2026-07-15 14:07,2026-07-15 21:30,P2,MFA / Authenticator,User 0253,user.0253@example.com
INC100146,2026-07-13 09:15,2026-07-13 23:06,P4,MFA / Authenticator,User 0344,user.0344@example.com
INC100147,2026-07-17 14:37,2026-07-17 20:03,P3,MFA / Authenticator,User 0051,user.0051@example.com
INC100148,2026-07-16 17:26,2026-07-17 06:43,P4,MFA / Authenticator,User 0112,user.0112@example.com
INC100149,2026-07-16 15:15,2026-07-23 19:57,P4,Printer,User 0184,user.0184@example.com
INC100150,2026-07-13 14:17,2026-07-13 22:59,P3,Printer,User 0329,user.0329@example.com
INC100151,2026-07-17 08:03,2026-07-17 15:26,P3,Printer,User 0290,user.0290@example.com
INC100152,2026-07-14 09:53,2026-07-14 16:41,P3,Printer,User 0120,user.0120@example.com
INC100153,2026-07-15 10:50,2026-07-16 04:31,P4,Printer,User 0129,user.0129@example.com
INC100154,2026-07-14 09:42,2026-07-15 00:49,P4,Printer,User 0122,user.0122@example.com
INC100155,2026-07-17 13:01,2026-07-17 17:53,P2,Printer,User 0244,user.0244@example.com
INC100156,2026-07-16 13:32,2026-07-16 22:55,P3,Printer,User 0315,user.0315@example.com
INC100157,2026-07-17 12:29,2026-07-18 07:07,P3,Laptop hardware,User 0056,user.0056@example.com
INC100158,2026-07-16 15:04,2026-07-17 12:24,P4,Laptop hardware,User 0065,user.0065@example.com
INC100159,2026-07-15 17:40,2026-07-16 07:53,P3,Laptop hardware,User 0306,user.0306@example.com
INC100160,2026-07-17 12:29,2026-07-17 19:32,P3,Laptop hardware,User 0059,user.0059@example.com
INC100161,2026-07-17 11:27,2026-07-17 18:00,P3,Laptop hardware,User 0233,user.0233@example.com
INC100162,2026-07-16 14:46,2026-07-16 18:34,P2,Laptop hardware,User 0192,user.0192@example.com
INC100163,2026-07-14 15:04,2026-07-14 17:37,P2,Laptop hardware,User 0382,user.0382@example.com
INC100164,2026-07-15 10:35,2026-07-15 20:38,P2,Laptop hardware,User 0344,user.0344@example.com
INC100165,2026-07-13 14:22,2026-07-15 19:51,P4,Laptop hardware,User 0370,user.0370@example.com
INC100166,2026-07-13 12:38,2026-07-13 17:00,P3,Laptop hardware,User 0080,user.0080@example.com
INC100167,2026-07-16 11:54,2026-07-16 18:45,P2,Software request,User 0391,user.0391@example.com
INC100168,2026-07-15 17:14,2026-07-18 01:48,P4,Software request,User 0330,user.0330@example.com
INC100169,2026-07-17 08:38,2026-07-19 00:22,P4,Software request,User 0093,user.0093@example.com
INC100170,2026-07-15 12:58,2026-07-16 00:10,P3,Software request,User 0073,user.0073@example.com
INC100171,2026-07-13 09:47,2026-07-13 17:42,P3,Software request,User 0081,user.0081@example.com
INC100172,2026-07-15 12:46,2026-07-16 19:34,P3,Software request,User 0027,user.0027@example.com
INC100173,2026-07-14 10:48,2026-07-14 23:35,P3,Software request,User 0339,user.0339@example.com
INC100174,2026-07-16 15:38,2026-07-16 19:29,P3,Software request,User 0059,user.0059@example.com
INC100175,2026-07-15 14:07,2026-07-16 04:25,P3,Software request,User 0342,user.0342@example.com
INC100176,2026-07-15 08:14,2026-07-15 19:19,P3,Software request,User 0155,user.0155@example.com
INC100177,2026-07-14 10:48,2026-07-15 00:24,P3,Software request,User 0195,user.0195@example.com
INC100178,2026-07-17 13:04,2026-07-18 04:37,P3,Network / Wi-Fi,User 0236,user.0236@example.com
INC100179,2026-07-13 13:36,2026-07-13 21:12,P3,Network / Wi-Fi,User 0149,user.0149@example.com
INC100180,2026-07-13 14:01,2026-07-14 13:02,P4,Network / Wi-Fi,User 0186,user.0186@example.com
INC100181,2026-07-13 14:54,2026-07-13 19:02,P2,Teams,User 0041,user.0041@example.com
INC100182,2026-07-16 12:47,2026-07-16 20:55,P3,Teams,User 0262,user.0262@example.com
INC100183,2026-07-13 16:32,2026-07-14 08:01,P3,Teams,User 0331,user.0331@example.com
INC100184,2026-07-14 11:06,2026-07-14 13:36,P2,Teams,User 0390,user.0390@example.com
INC100185,2026-07-13 10:49,2026-07-13 20:00,P3,Teams,User 0297,user.0297@example.com
INC100186,2026-07-24 17:20,2026-07-25 23:16,P4,Password reset,User 0035,user.0035@example.com
INC100187,2026-07-23 15:40,2026-07-23 23:29,P3,Password reset,User 0260,user.0260@example.com
INC100188,2026-07-20 12:29,2026-07-21 14:20,P3,Password reset,User 0260,user.0260@example.com
INC100189,2026-07-23 15:37,2026-07-23 23:14,P3,Password reset,User 0334,user.0334@example.com
INC100190,2026-07-21 13:38,2026-07-21 19:19,P3,Password reset,User 0259,user.0259@example.com
INC100191,2026-07-21 08:15,2026-07-21 20:11,P3,Password reset,User 0145,user.0145@example.com
INC100192,2026-07-23 14:49,2026-07-24 06:56,P3,Password reset,User 0332,user.0332@example.com
INC100193,2026-07-22 09:21,2026-07-22 14:48,P2,Password reset,User 0371,user.0371@example.com
INC100194,2026-07-24 10:21,2026-07-24 13:17,P2,Password reset,User 0340,user.0340@example.com
INC100195,2026-07-23 10:38,2026-07-23 14:25,P3,Password reset,User 0330,user.0330@example.com
INC100196,2026-07-22 10:42,2026-07-23 00:59,P3,Password reset,User 0010,user.0010@example.com
INC100197,2026-07-22 12:11,2026-07-23 01:54,P4,Password reset,User 0099,user.0099@example.com
INC100198,2026-07-21 10:09,2026-07-21 12:46,P2,Account lockout,User 0068,user.0068@example.com
INC100199,2026-07-24 14:09,2026-07-24 20:08,P2,Account lockout,User 0225,user.0225@example.com
INC100200,2026-07-20 14:23,2026-07-20 20:32,P3,Account lockout,User 0146,user.0146@example.com
INC100201,2026-07-23 11:34,2026-07-24 04:19,P3,Account lockout,User 0348,user.0348@example.com
INC100202,2026-07-24 15:29,2026-07-25 09:16,P3,Account lockout,User 0215,user.0215@example.com
INC100203,2026-07-21 11:51,2026-07-21 21:32,P3,Account lockout,User 0053,user.0053@example.com
INC100204,2026-07-24 09:18,2026-07-24 12:05,P2,Account lockout,User 0263,user.0263@example.com
INC100205,2026-07-21 14:05,2026-07-22 06:12,P4,Account lockout,User 0179,user.0179@example.com
INC100206,2026-07-20 14:03,2026-07-20 22:08,P3,Account lockout,User 0042,user.0042@example.com
INC100207,2026-07-22 11:01,2026-07-22 19:12,P3,Account lockout,User 0020,user.0020@example.com
INC100208,2026-07-22 15:44,2026-07-24 08:55,P4,Account lockout,User 0316,user.0316@example.com
INC100209,2026-07-20 09:01,2026-07-21 06:29,P3,Account lockout,User 0373,user.0373@example.com
INC100210,2026-07-24 16:27,2026-07-24 20:00,P2,Account lockout,User 0025,user.0025@example.com
INC100211,2026-07-21 14:40,2026-07-22 00:10,P3,Account lockout,User 0256,user.0256@example.com
INC100212,2026-07-24 17:15,2026-07-25 00:16,P3,Outlook / email,User 0096,user.0096@example.com
INC100213,2026-07-20 16:23,2026-07-20 21:04,P2,Outlook / email,User 0260,user.0260@example.com
INC100214,2026-07-24 08:24,2026-07-24 21:16,P4,Outlook / email,User 0192,user.0192@example.com
INC100215,2026-07-22 08:22,2026-07-22 13:51,P3,Outlook / email,User 0322,user.0322@example.com
INC100216,2026-07-20 17:47,2026-07-20 23:22,P3,Outlook / email,User 0174,user.0174@example.com
INC100217,2026-07-21 15:44,2026-07-21 22:35,P3,Outlook / email,User 0367,user.0367@example.com
INC100218,2026-07-23 08:18,2026-07-23 15:53,P3,Outlook / email,User 0204,user.0204@example.com
INC100219,2026-07-24 15:16,2026-07-24 20:32,P2,Outlook / email,User 0025,user.0025@example.com
INC100220,2026-07-22 12:07,2026-07-22 21:05,P3,Outlook / email,User 0226,user.0226@example.com
INC100221,2026-07-23 13:11,2026-07-23 22:51,P3,Outlook / email,User 0266,user.0266@example.com
INC100222,2026-07-22 09:46,2026-07-22 16:02,P3,Outlook / email,User 0053,user.0053@example.com
INC100223,2026-07-20 13:42,2026-07-20 21:54,P3,Outlook / email,User 0086,user.0086@example.com
INC100224,2026-07-23 13:28,2026-07-23 20:27,P2,Outlook / email,User 0223,user.0223@example.com
INC100225,2026-07-22 08:04,2026-07-22 16:16,P3,VPN,User 0384,user.0384@example.com
INC100226,2026-07-21 08:09,2026-07-22 19:12,P4,VPN,User 0065,user.0065@example.com
INC100227,2026-07-20 11:49,2026-07-20 21:01,P3,VPN,User 0228,user.0228@example.com
INC100228,2026-07-20 17:08,2026-07-21 00:32,P3,VPN,User 0128,user.0128@example.com
INC100229,2026-07-20 08:47,2026-07-20 21:08,P3,VPN,User 0061,user.0061@example.com
INC100230,2026-07-22 12:45,2026-07-23 11:58,P3,VPN,User 0063,user.0063@example.com
INC100231,2026-07-21 15:05,2026-07-23 11:55,P4,MFA / Authenticator,User 0282,user.0282@example.com
INC100232,2026-07-24 12:57,2026-07-24 15:55,P3,MFA / Authenticator,User 0359,user.0359@example.com
INC100233,2026-07-21 13:32,2026-07-21 19:23,P3,MFA / Authenticator,User 0185,user.0185@example.com
INC100234,2026-07-24 17:23,2026-07-25 00:17,P3,MFA / Authenticator,User 0246,user.0246@example.com
INC100235,2026-07-24 14:49,2026-07-25 01:44,P3,MFA / Authenticator,User 0163,user.0163@example.com
INC100236,2026-07-20 15:29,2026-07-20 18:10,P3,MFA / Authenticator,User 0283,user.0283@example.com
INC100237,2026-07-24 10:49,2026-07-24 23:34,P4,MFA / Authenticator,User 0029,user.0029@example.com
INC100238,2026-07-20 16:09,2026-07-21 02:25,P3,MFA / Authenticator,User 0041,user.0041@example.com
INC100239,2026-07-22 11:40,2026-07-23 02:24,P4,MFA / Authenticator,User 0315,user.0315@example.com
INC100240,2026-07-24 09:32,2026-07-24 22:03,P3,Printer,User 0088,user.0088@example.com
INC100241,2026-07-24 17:21,2026-07-26 06:00,P4,Printer,User 0015,user.0015@example.com
INC100242,2026-07-20 08:41,2026-07-20 16:02,P3,Printer,User 0293,user.0293@example.com
INC100243,2026-07-23 17:40,2026-07-24 02:22,P2,Printer,User 0329,user.0329@example.com
INC100244,2026-07-22 15:15,2026-07-24 00:34,P4,Printer,User 0038,user.0038@example.com
INC100245,2026-07-20 10:28,2026-07-20 19:55,P3,Printer,User 0074,user.0074@example.com
INC100246,2026-07-22 13:46,2026-07-23 10:09,P4,Printer,User 0390,user.0390@example.com
INC100247,2026-07-22 16:35,2026-07-22 20:10,P2,Printer,User 0231,user.0231@example.com
INC100248,2026-07-22 14:55,2026-07-22 20:51,P3,Laptop hardware,User 0296,user.0296@example.com
INC100249,2026-07-22 11:48,2026-07-22 19:51,P2,Laptop hardware,User 0047,user.0047@example.com
INC100250,2026-07-23 16:29,2026-07-24 09:38,P4,Laptop hardware,User 0026,user.0026@example.com
INC100251,2026-07-22 15:38,2026-07-24 01:51,P4,Laptop hardware,User 0275,user.0275@example.com
INC100252,2026-07-20 09:27,2026-07-20 12:49,P2,Laptop hardware,User 0207,user.0207@example.com
INC100253,2026-07-22 08:25,2026-07-22 13:15,P2,Laptop hardware,User 0148,user.0148@example.com
INC100254,2026-07-20 14:32,2026-07-21 03:56,P3,Software request,User 0320,user.0320@example.com
INC100255,2026-07-24 09:08,2026-07-25 01:05,P4,Software request,User 0174,user.0174@example.com
INC100256,2026-07-24 13:48,2026-07-24 18:56,P2,Software request,User 0021,user.0021@example.com
INC100257,2026-07-20 08:08,2026-07-21 03:18,P3,Software request,User 0077,user.0077@example.com
INC100258,2026-07-24 16:08,2026-07-25 03:37,P3,Software request,User 0316,user.0316@example.com
INC100259,2026-07-22 17:21,2026-07-23 03:32,P3,Software request,User 0289,user.0289@example.com
INC100260,2026-07-22 15:52,2026-07-22 17:35,P1,Software request,User 0214,user.0214@example.com
INC100261,2026-07-24 12:50,2026-07-27 07:51,P4,Software request,User 0306,user.0306@example.com
INC100262,2026-07-23 12:41,2026-07-24 08:17,P3,Software request,User 0370,user.0370@example.com
INC100263,2026-07-20 17:30,2026-07-20 23:20,P2,Software request,User 0195,user.0195@example.com
INC100264,2026-07-21 11:02,2026-07-21 23:56,P3,Software request,User 0226,user.0226@example.com
INC100265,2026-07-21 14:32,2026-07-22 03:29,P3,Network / Wi-Fi,User 0071,user.0071@example.com
INC100266,2026-07-24 11:35,2026-07-25 01:48,P3,Network / Wi-Fi,User 0161,user.0161@example.com
INC100267,2026-07-21 15:58,2026-07-22 03:32,P3,Network / Wi-Fi,User 0370,user.0370@example.com
INC100268,2026-07-22 17:30,2026-07-22 23:02,P3,Network / Wi-Fi,User 0116,user.0116@example.com
INC100269,2026-07-22 12:45,2026-07-23 02:22,P3,Network / Wi-Fi,User 0179,user.0179@example.com
INC100270,2026-07-24 12:18,2026-07-24 17:54,P2,Teams,User 0203,user.0203@example.com
INC100271,2026-07-22 10:18,2026-07-22 16:02,P2,Teams,User 0276,user.0276@example.com
INC100272,2026-07-22 16:44,2026-07-23 09:52,P3,Teams,User 0120,user.0120@example.com
INC100273,2026-07-20 09:26,2026-07-20 18:34,P3,Teams,User 0071,user.0071@example.com
INC100274,2026-07-20 16:59,2026-07-21 05:04,P2,Teams,User 0244,user.0244@example.com
INC100275,2026-07-23 11:48,2026-07-24 03:56,P4,Teams,User 0394,user.0394@example.com
INC100276,2026-07-31 08:58,2026-08-01 01:06,P4,Password reset,User 0019,user.0019@example.com
INC100277,2026-07-30 15:11,2026-07-31 19:07,P4,Password reset,User 0172,user.0172@example.com
INC100278,2026-07-29 15:41,2026-07-30 00:42,P3,Password reset,User 0259,user.0259@example.com
INC100279,2026-07-30 12:12,2026-07-31 02:33,P4,Password reset,User 0332,user.0332@example.com
INC100280,2026-07-29 10:00,2026-07-30 05:59,P3,Password reset,User 0388,user.0388@example.com
INC100281,2026-07-28 10:39,2026-07-29 13:03,P4,Password reset,User 0343,user.0343@example.com
INC100282,2026-07-27 10:08,2026-07-27 18:11,P3,Password reset,User 0137,user.0137@example.com
INC100283,2026-07-29 12:37,2026-07-30 00:58,P3,Password reset,User 0061,user.0061@example.com
INC100284,2026-07-30 12:10,2026-07-30 22:25,P3,Password reset,User 0361,user.0361@example.com
INC100285,2026-07-29 09:40,2026-07-30 01:24,P4,Password reset,User 0113,user.0113@example.com
INC100286,2026-07-28 15:09,2026-07-29 13:28,P3,Password reset,User 0360,user.0360@example.com
INC100287,2026-07-31 15:48,2026-08-01 04:12,P3,Password reset,User 0127,user.0127@example.com
INC100288,2026-07-31 09:33,2026-07-31 22:06,P3,Password reset,User 0289,user.0289@example.com
INC100289,2026-07-27 08:53,2026-07-27 19:00,P3,Password reset,User 0077,user.0077@example.com
INC100290,2026-07-28 13:54,2026-07-28 19:58,P3,Password reset,User 0299,user.0299@example.com
INC100291,2026-07-30 09:57,2026-07-31 03:50,P3,Password reset,User 0263,user.0263@example.com
INC100292,2026-07-30 15:36,2026-07-30 19:28,P2,Password reset,User 0371,user.0371@example.com
INC100293,2026-07-27 14:16,2026-07-29 11:19,P4,Password reset,User 0024,user.0024@example.com
INC100294,2026-07-30 13:44,2026-07-30 16:10,P2,Password reset,User 0394,user.0394@example.com
INC100295,2026-07-28 14:23,2026-07-29 01:29,P4,Password reset,User 0194,user.0194@example.com
INC100296,2026-07-30 09:43,2026-08-01 00:48,P4,Password reset,User 0179,user.0179@example.com
INC100297,2026-07-27 10:34,2026-07-29 03:40,P3,Password reset,User 0153,user.0153@example.com
INC100298,2026-07-30 16:27,2026-07-31 08:00,P3,Password reset,User 0178,user.0178@example.com
INC100299,2026-07-28 12:12,2026-07-29 21:13,P4,Password reset,User 0339,user.0339@example.com
INC100300,2026-07-30 17:49,2026-08-01 11:58,P4,Password reset,User 0035,user.0035@example.com
INC100301,2026-07-27 17:02,2026-07-29 09:00,P3,Password reset,User 0126,user.0126@example.com
INC100302,2026-07-27 14:28,2026-07-27 18:27,P3,Password reset,User 0149,user.0149@example.com
INC100303,2026-07-28 17:20,2026-07-30 16:11,P3,Account lockout,User 0122,user.0122@example.com
INC100304,2026-07-29 10:42,2026-07-29 19:32,P3,Account lockout,User 0286,user.0286@example.com
INC100305,2026-07-31 10:40,2026-07-31 21:17,P3,Account lockout,User 0177,user.0177@example.com
INC100306,2026-07-30 16:20,2026-07-31 01:04,P3,Account lockout,User 0095,user.0095@example.com
INC100307,2026-07-31 15:15,2026-08-01 04:55,P4,Account lockout,User 0238,user.0238@example.com
INC100308,2026-07-27 16:26,2026-07-28 20:06,P4,Account lockout,User 0125,user.0125@example.com
INC100309,2026-07-29 11:21,2026-07-29 17:49,P3,Account lockout,User 0345,user.0345@example.com
INC100310,2026-07-31 17:02,2026-08-01 00:35,P4,Account lockout,User 0371,user.0371@example.com
INC100311,2026-07-31 11:30,2026-08-01 05:44,P3,Account lockout,User 0008,user.0008@example.com
INC100312,2026-07-28 11:47,2026-07-28 14:30,P2,Account lockout,User 0105,user.0105@example.com
INC100313,2026-07-30 11:35,2026-07-30 18:09,P3,Account lockout,User 0333,user.0333@example.com
INC100314,2026-07-29 12:16,2026-07-30 09:10,P3,Account lockout,User 0370,user.0370@example.com
INC100315,2026-07-30 13:58,2026-07-30 22:08,P3,Account lockout,User 0114,user.0114@example.com
INC100316,2026-07-28 08:16,2026-07-28 21:53,P3,Account lockout,User 0152,user.0152@example.com
INC100317,2026-07-30 17:53,2026-07-31 19:01,P3,Outlook / email,User 0173,user.0173@example.com
INC100318,2026-07-29 15:46,2026-07-30 01:39,P3,Outlook / email,User 0181,user.0181@example.com
INC100319,2026-07-28 10:46,2026-07-28 22:25,P3,Outlook / email,User 0039,user.0039@example.com
INC100320,2026-07-27 08:26,2026-07-27 13:26,P2,Outlook / email,User 0078,user.0078@example.com
INC100321,2026-07-27 11:32,2026-07-27 22:06,P3,Outlook / email,User 0009,user.0009@example.com
INC100322,2026-07-31 12:34,2026-08-03 01:13,P4,Outlook / email,User 0092,user.0092@example.com
INC100323,2026-07-27 09:33,2026-07-27 12:16,P2,Outlook / email,User 0182,user.0182@example.com
INC100324,2026-07-29 14:05,2026-07-29 22:05,P3,Outlook / email,User 0357,user.0357@example.com
INC100325,2026-07-28 12:43,2026-07-29 18:48,P4,Outlook / email,User 0208,user.0208@example.com
INC100326,2026-07-30 14:35,2026-07-31 06:38,P3,Outlook / email,User 0043,user.0043@example.com
INC100327,2026-07-30 14:41,2026-07-31 06:47,P3,Outlook / email,User 0049,user.0049@example.com
INC100328,2026-07-31 08:14,2026-07-31 17:58,P3,Outlook / email,User 0039,user.0039@example.com
INC100329,2026-07-29 16:36,2026-07-29 22:49,P3,Outlook / email,User 0291,user.0291@example.com
INC100330,2026-07-30 16:21,2026-08-01 00:49,P3,Outlook / email,User 0353,user.0353@example.com
INC100331,2026-07-27 16:47,2026-07-28 05:05,P4,Outlook / email,User 0039,user.0039@example.com
INC100332,2026-07-29 17:49,2026-07-29 23:57,P3,Outlook / email,User 0231,user.0231@example.com
INC100333,2026-07-30 11:22,2026-07-30 19:54,P3,VPN,User 0300,user.0300@example.com
INC100334,2026-07-30 09:49,2026-07-31 14:57,P3,VPN,User 0043,user.0043@example.com
INC100335,2026-07-29 10:24,2026-07-30 03:22,P3,VPN,User 0163,user.0163@example.com
INC100336,2026-07-29 09:05,2026-07-29 10:40,P1,VPN,User 0139,user.0139@example.com
INC100337,2026-07-27 10:05,2026-07-27 18:58,P3,VPN,User 0209,user.0209@example.com
INC100338,2026-07-27 08:05,2026-07-27 11:36,P3,VPN,User 0167,user.0167@example.com
INC100339,2026-07-30 08:18,2026-07-31 12:42,P3,VPN,User 0287,user.0287@example.com
INC100340,2026-07-28 17:33,2026-07-28 21:35,P2,VPN,User 0155,user.0155@example.com
INC100341,2026-07-28 14:17,2026-07-29 00:06,P3,MFA / Authenticator,User 0129,user.0129@example.com
INC100342,2026-07-28 15:38,2026-07-29 01:08,P3,MFA / Authenticator,User 0004,user.0004@example.com
INC100343,2026-07-30 13:53,2026-07-31 05:49,P3,MFA / Authenticator,User 0172,user.0172@example.com
INC100344,2026-07-30 17:08,2026-07-31 07:18,P3,MFA / Authenticator,User 0246,user.0246@example.com
INC100345,2026-07-29 10:25,2026-07-30 00:03,P4,MFA / Authenticator,User 0252,user.0252@example.com
INC100346,2026-07-31 11:20,2026-08-01 04:26,P3,MFA / Authenticator,User 0059,user.0059@example.com
INC100347,2026-07-31 11:37,2026-07-31 18:42,P4,MFA / Authenticator,User 0014,user.0014@example.com
INC100348,2026-07-30 11:28,2026-07-30 23:45,P3,MFA / Authenticator,User 0156,user.0156@example.com
INC100349,2026-07-28 12:42,2026-07-28 16:47,P2,Printer,User 0230,user.0230@example.com
INC100350,2026-07-31 15:37,2026-08-01 02:30,P3,Printer,User 0355,user.0355@example.com
INC100351,2026-07-30 16:02,2026-07-30 18:32,P3,Printer,User 0275,user.0275@example.com
INC100352,2026-07-31 09:06,2026-07-31 21:57,P3,Printer,User 0332,user.0332@example.com
INC100353,2026-07-31 08:36,2026-08-01 18:57,P4,Printer,User 0386,user.0386@example.com
INC100354,2026-07-29 14:06,2026-07-29 15:28,P1,Printer,User 0266,user.0266@example.com
INC100355,2026-07-31 17:44,2026-08-01 02:51,P3,Printer,User 0396,user.0396@example.com
INC100356,2026-07-31 16:09,2026-07-31 22:00,P3,Printer,User 0234,user.0234@example.com
INC100357,2026-07-29 15:06,2026-07-30 04:33,P3,Laptop hardware,User 0154,user.0154@example.com
INC100358,2026-07-27 09:01,2026-07-29 01:04,P4,Laptop hardware,User 0085,user.0085@example.com
INC100359,2026-07-28 16:11,2026-07-28 23:34,P3,Laptop hardware,User 0237,user.0237@example.com
INC100360,2026-07-28 14:40,2026-07-29 03:33,P3,Laptop hardware,User 0015,user.0015@example.com
INC100361,2026-07-31 11:28,2026-07-31 18:15,P3,Laptop hardware,User 0106,user.0106@example.com
INC100362,2026-07-29 09:36,2026-07-29 16:00,P2,Laptop hardware,User 0167,user.0167@example.com
INC100363,2026-07-28 15:07,2026-07-29 13:09,P3,Laptop hardware,User 0328,user.0328@example.com
INC100364,2026-07-29 17:24,2026-07-30 04:52,P3,Software request,User 0235,user.0235@example.com
INC100365,2026-07-31 10:52,2026-08-01 00:08,P3,Software request,User 0161,user.0161@example.com
INC100366,2026-07-27 11:19,2026-07-27 15:19,P2,Software request,User 0199,user.0199@example.com
INC100367,2026-07-30 17:08,2026-07-31 01:42,P3,Software request,User 0276,user.0276@example.com
INC100368,2026-07-28 16:10,2026-07-28 21:59,P3,Software request,User 0231,user.0231@example.com
INC100369,2026-07-31 08:55,2026-07-31 19:01,P3,Software request,User 0351,user.0351@example.com
INC100370,2026-07-30 15:10,2026-07-30 18:46,P2,Network / Wi-Fi,User 0276,user.0276@example.com
INC100371,2026-07-29 10:49,2026-07-30 15:51,P3,Teams,User 0282,user.0282@example.com
INC100372,2026-07-31 09:36,2026-07-31 12:07,P2,Teams,User 0022,user.0022@example.com
INC100373,2026-07-30 16:13,2026-08-01 04:39,P4,Teams,User 0017,user.0017@example.com
INC100374,2026-07-30 12:22,2026-07-30 21:31,P4,Teams,User 0353,user.0353@example.com
INC100375,2026-07-29 17:40,2026-07-30 11:05,P3,Teams,User 0106,user.0106@example.com
INC100376,2026-08-07 12:38,2026-08-07 18:02,P3,Password reset,User 0149,user.0149@example.com
INC100377,2026-08-07 12:54,2026-08-07 21:58,P3,Password reset,User 0142,user.0142@example.com
INC100378,2026-08-04 10:15,2026-08-04 13:59,P2,Password reset,User 0347,user.0347@example.com
INC100379,2026-08-06 15:09,2026-08-06 21:48,P3,Password reset,User 0232,user.0232@example.com
INC100380,2026-08-03 09:25,2026-08-04 14:09,P3,Password reset,User 0375,user.0375@example.com
INC100381,2026-08-06 13:54,2026-08-06 18:33,P2,Password reset,User 0220,user.0220@example.com
INC100382,2026-08-04 15:17,2026-08-04 21:23,P3,Password reset,User 0067,user.0067@example.com
INC100383,2026-08-07 15:50,2026-08-08 04:00,P3,Password reset,User 0051,user.0051@example.com
INC100384,2026-08-06 08:07,2026-08-06 22:28,P4,Password reset,User 0220,user.0220@example.com
INC100385,2026-08-04 10:56,2026-08-04 16:01,P3,Password reset,User 0129,user.0129@example.com
INC100386,2026-08-03 13:42,2026-08-04 05:06,P4,Password reset,User 0157,user.0157@example.com
INC100387,2026-08-04 14:41,2026-08-04 17:42,P2,Password reset,User 0040,user.0040@example.com
INC100388,2026-08-04 17:14,2026-08-05 02:40,P3,Password reset,User 0176,user.0176@example.com
INC100389,2026-08-03 14:44,2026-08-03 17:21,P2,Password reset,User 0375,user.0375@example.com
INC100390,2026-08-03 09:20,2026-08-03 16:29,P3,Password reset,User 0386,user.0386@example.com
INC100391,2026-08-04 10:04,2026-08-04 18:04,P3,Password reset,User 0322,user.0322@example.com
INC100392,2026-08-04 14:39,2026-08-05 02:15,P3,Password reset,User 0220,user.0220@example.com
INC100393,2026-08-05 10:15,2026-08-05 14:05,P3,Password reset,User 0308,user.0308@example.com
INC100394,2026-08-07 12:49,2026-08-09 05:26,P4,Password reset,User 0311,user.0311@example.com
INC100395,2026-08-07 11:47,2026-08-08 07:50,P3,Password reset,User 0123,user.0123@example.com
INC100396,2026-08-06 14:07,2026-08-07 01:46,P3,Password reset,User 0007,user.0007@example.com
INC100397,2026-08-05 13:08,2026-08-06 07:23,P3,Password reset,User 0280,user.0280@example.com
INC100398,2026-08-04 15:49,2026-08-04 20:38,P2,Password reset,User 0111,user.0111@example.com
INC100399,2026-08-03 08:50,2026-08-03 13:29,P3,Password reset,User 0393,user.0393@example.com
INC100400,2026-08-06 14:44,2026-08-07 04:24,P3,Account lockout,User 0079,user.0079@example.com
INC100401,2026-08-05 09:19,2026-08-05 12:20,P2,Account lockout,User 0301,user.0301@example.com
INC100402,2026-08-03 12:44,2026-08-04 07:11,P3,Account lockout,User 0126,user.0126@example.com
INC100403,2026-08-03 14:07,2026-08-04 01:52,P3,Account lockout,User 0380,user.0380@example.com
INC100404,2026-08-04 09:00,2026-08-04 21:48,P3,Account lockout,User 0178,user.0178@example.com
INC100405,2026-08-07 16:50,2026-08-08 10:56,P4,Account lockout,User 0384,user.0384@example.com
INC100406,2026-08-05 09:49,2026-08-06 05:36,P4,Account lockout,User 0269,user.0269@example.com
INC100407,2026-08-03 12:45,2026-08-04 21:45,P4,Account lockout,User 0262,user.0262@example.com
INC100408,2026-08-07 10:23,2026-08-07 15:37,P2,Outlook / email,User 0380,user.0380@example.com
INC100409,2026-08-07 08:02,2026-08-07 13:14,P4,Outlook / email,User 0092,user.0092@example.com
INC100410,2026-08-03 16:51,2026-08-05 07:17,P4,Outlook / email,User 0165,user.0165@example.com
INC100411,2026-08-04 14:58,2026-08-04 22:42,P3,Outlook / email,User 0191,user.0191@example.com
INC100412,2026-08-03 16:43,2026-08-04 04:52,P4,Outlook / email,User 0145,user.0145@example.com
INC100413,2026-08-05 13:05,2026-08-06 00:04,P3,Outlook / email,User 0319,user.0319@example.com
INC100414,2026-08-04 15:23,2026-08-05 01:05,P3,Outlook / email,User 0101,user.0101@example.com
INC100415,2026-08-07 11:09,2026-08-07 12:58,P1,Outlook / email,User 0178,user.0178@example.com
INC100416,2026-08-03 13:00,2026-08-03 19:08,P3,Outlook / email,User 0158,user.0158@example.com
INC100417,2026-08-03 11:33,2026-08-03 15:15,P4,Outlook / email,User 0073,user.0073@example.com
INC100418,2026-08-05 09:02,2026-08-07 17:47,P4,Outlook / email,User 0359,user.0359@example.com
INC100419,2026-08-05 15:47,2026-08-05 20:43,P2,VPN,User 0067,user.0067@example.com
INC100420,2026-08-04 12:16,2026-08-06 14:40,P4,VPN,User 0377,user.0377@example.com
INC100421,2026-08-05 13:28,2026-08-05 19:14,P3,VPN,User 0395,user.0395@example.com
INC100422,2026-08-07 09:09,2026-08-07 13:24,P2,VPN,User 0062,user.0062@example.com
INC100423,2026-08-07 13:49,2026-08-07 21:27,P3,VPN,User 0062,user.0062@example.com
INC100424,2026-08-03 10:51,2026-08-04 17:08,P3,VPN,User 0021,user.0021@example.com
INC100425,2026-08-04 13:09,2026-08-04 16:28,P2,VPN,User 0263,user.0263@example.com
INC100426,2026-08-03 12:16,2026-08-05 19:30,P4,VPN,User 0282,user.0282@example.com
INC100427,2026-08-04 09:00,2026-08-04 14:56,P2,MFA / Authenticator,User 0102,user.0102@example.com
INC100428,2026-08-06 13:43,2026-08-07 04:00,P3,MFA / Authenticator,User 0133,user.0133@example.com
INC100429,2026-08-03 08:04,2026-08-04 06:03,P3,MFA / Authenticator,User 0048,user.0048@example.com
INC100430,2026-08-05 09:02,2026-08-06 05:42,P4,MFA / Authenticator,User 0255,user.0255@example.com
INC100431,2026-08-03 14:43,2026-08-03 16:39,P3,MFA / Authenticator,User 0141,user.0141@example.com
INC100432,2026-08-05 15:56,2026-08-05 21:35,P2,MFA / Authenticator,User 0332,user.0332@example.com
INC100433,2026-08-05 15:26,2026-08-06 16:52,P4,MFA / Authenticator,User 0197,user.0197@example.com
INC100434,2026-08-04 14:12,2026-08-05 05:13,P3,MFA / Authenticator,User 0279,user.0279@example.com
INC100435,2026-08-03 14:50,2026-08-03 23:55,P3,Printer,User 0177,user.0177@example.com
INC100436,2026-08-07 16:20,2026-08-07 22:29,P3,Printer,User 0113,user.0113@example.com
INC100437,2026-08-03 12:03,2026-08-04 12:59,P4,Printer,User 0300,user.0300@example.com
INC100438,2026-08-04 10:06,2026-08-04 15:44,P3,Printer,User 0378,user.0378@example.com
INC100439,2026-08-03 11:36,2026-08-05 03:45,P4,Printer,User 0089,user.0089@example.com
INC100440,2026-08-04 11:37,2026-08-05 02:16,P3,Printer,User 0303,user.0303@example.com
INC100441,2026-08-03 13:36,2026-08-04 00:25,P3,Printer,User 0253,user.0253@example.com
INC100442,2026-08-07 12:11,2026-08-07 17:57,P3,Printer,User 0113,user.0113@example.com
INC100443,2026-08-03 16:30,2026-08-03 19:29,P1,Printer,User 0067,user.0067@example.com
INC100444,2026-08-05 10:58,2026-08-05 19:24,P4,Printer,User 0073,user.0073@example.com
INC100445,2026-08-05 09:23,2026-08-06 00:20,P3,Laptop hardware,User 0173,user.0173@example.com
INC100446,2026-08-05 13:08,2026-08-07 03:30,P4,Laptop hardware,User 0328,user.0328@example.com
INC100447,2026-08-06 13:11,2026-08-07 07:00,P3,Laptop hardware,User 0315,user.0315@example.com
INC100448,2026-08-05 11:42,2026-08-05 17:52,P3,Laptop hardware,User 0353,user.0353@example.com
INC100449,2026-08-05 10:11,2026-08-07 00:10,P3,Laptop hardware,User 0314,user.0314@example.com
INC100450,2026-08-04 17:06,2026-08-08 03:52,P4,Laptop hardware,User 0229,user.0229@example.com
INC100451,2026-08-03 12:13,2026-08-03 17:42,P3,Laptop hardware,User 0056,user.0056@example.com
INC100452,2026-08-03 08:24,2026-08-03 17:27,P3,Software request,User 0212,user.0212@example.com
INC100453,2026-08-06 14:22,2026-08-06 18:54,P3,Software request,User 0296,user.0296@example.com
INC100454,2026-08-04 10:28,2026-08-04 17:02,P2,Software request,User 0164,user.0164@example.com
INC100455,2026-08-05 09:04,2026-08-06 01:09,P3,Software request,User 0039,user.0039@example.com
INC100456,2026-08-03 13:38,2026-08-04 11:11,P4,Teams,User 0311,user.0311@example.com
INC100457,2026-08-06 10:03,2026-08-06 13:26,P2,Teams,User 0357,user.0357@example.com
INC100458,2026-08-07 16:16,2026-08-08 00:12,P3,Teams,User 0202,user.0202@example.com
INC100459,2026-08-07 16:53,2026-08-08 05:41,P3,Teams,User 0050,user.0050@example.com
INC100460,2026-08-12 09:30,2026-08-13 04:45,P4,Password reset,User 0251,user.0251@example.com
INC100461,2026-08-12 09:41,2026-08-12 17:31,P3,Password reset,User 0135,user.0135@example.com
INC100462,2026-08-13 15:16,2026-08-13 23:01,P3,Password reset,User 0386,user.0386@example.com
INC100463,2026-08-10 09:42,2026-08-12 04:36,P3,Password reset,User 0302,user.0302@example.com
INC100464,2026-08-11 16:03,2026-08-13 11:38,P4,Password reset,User 0275,user.0275@example.com
INC100465,2026-08-13 17:56,2026-08-14 01:02,P3,Password reset,User 0366,user.0366@example.com
INC100466,2026-08-10 16:36,2026-08-13 07:13,P4,Password reset,User 0318,user.0318@example.com
INC100467,2026-08-11 09:48,2026-08-11 16:43,P3,Password reset,User 0022,user.0022@example.com
INC100468,2026-08-13 09:43,2026-08-14 01:36,P3,Password reset,User 0373,user.0373@example.com
INC100469,2026-08-10 09:24,2026-08-10 23:55,P3,Password reset,User 0267,user.0267@example.com
INC100470,2026-08-13 08:50,2026-08-13 23:56,P3,Password reset,User 0058,user.0058@example.com
INC100471,2026-08-13 10:09,2026-08-15 00:27,P3,Password reset,User 0275,user.0275@example.com
INC100472,2026-08-12 14:16,2026-08-12 23:53,P3,Password reset,User 0020,user.0020@example.com
INC100473,2026-08-11 12:25,2026-08-11 18:20,P2,Password reset,User 0020,user.0020@example.com
INC100474,2026-08-13 13:44,2026-08-14 05:42,P3,Password reset,User 0144,user.0144@example.com
INC100475,2026-08-13 09:55,2026-08-13 14:24,P3,Password reset,User 0397,user.0397@example.com
INC100476,2026-08-12 12:46,2026-08-13 00:47,P3,Password reset,User 0109,user.0109@example.com
INC100477,2026-08-13 15:48,2026-08-14 00:30,P3,Password reset,User 0082,user.0082@example.com
INC100478,2026-08-10 12:45,2026-08-11 04:37,P3,Password reset,User 0234,user.0234@example.com
INC100479,2026-08-10 13:45,2026-08-10 21:30,P3,Password reset,User 0204,user.0204@example.com
INC100480,2026-08-10 08:15,2026-08-10 19:29,P3,Password reset,User 0243,user.0243@example.com
INC100481,2026-08-14 16:22,2026-08-15 08:20,P3,Password reset,User 0353,user.0353@example.com
INC100482,2026-08-10 12:01,2026-08-10 16:27,P3,Password reset,User 0110,user.0110@example.com
INC100483,2026-08-11 11:43,2026-08-12 01:29,P3,Password reset,User 0393,user.0393@example.com
INC100484,2026-08-10 15:58,2026-08-10 18:34,P2,Password reset,User 0157,user.0157@example.com
INC100485,2026-08-12 14:57,2026-08-12 23:04,P3,Account lockout,User 0239,user.0239@example.com
INC100486,2026-08-12 16:52,2026-08-13 03:46,P3,Account lockout,User 0340,user.0340@example.com
INC100487,2026-08-12 16:41,2026-08-12 21:36,P3,Account lockout,User 0247,user.0247@example.com
INC100488,2026-08-10 13:17,2026-08-11 05:49,P3,Account lockout,User 0365,user.0365@example.com
INC100489,2026-08-12 11:09,2026-08-12 18:40,P3,Account lockout,User 0308,user.0308@example.com
INC100490,2026-08-13 13:43,2026-08-13 15:53,P2,Account lockout,User 0152,user.0152@example.com
INC100491,2026-08-12 14:25,2026-08-13 01:22,P3,Account lockout,User 0372,user.0372@example.com
INC100492,2026-08-11 16:40,2026-08-12 03:09,P3,Account lockout,User 0337,user.0337@example.com
INC100493,2026-08-14 10:18,2026-08-14 13:21,P2,Account lockout,User 0287,user.0287@example.com
INC100494,2026-08-11 13:41,2026-08-11 16:35,P2,Account lockout,User 0158,user.0158@example.com
INC100495,2026-08-13 13:23,2026-08-13 15:47,P3,Account lockout,User 0241,user.0241@example.com
INC100496,2026-08-10 17:37,2026-08-11 19:42,P4,Account lockout,User 0196,user.0196@example.com
INC100497,2026-08-11 10:12,2026-08-12 01:57,P3,Outlook / email,User 0042,user.0042@example.com
INC100498,2026-08-13 13:40,2026-08-14 11:14,P4,Outlook / email,User 0232,user.0232@example.com
INC100499,2026-08-12 11:48,2026-08-12 22:46,P3,Outlook / email,User 0391,user.0391@example.com
INC100500,2026-08-10 10:39,2026-08-10 19:27,P3,Outlook / email,User 0245,user.0245@example.com
INC100501,2026-08-13 08:02,2026-08-13 18:21,P3,Outlook / email,User 0003,user.0003@example.com
INC100502,2026-08-11 11:44,2026-08-12 09:04,P4,Outlook / email,User 0258,user.0258@example.com
INC100503,2026-08-14 12:10,2026-08-14 16:21,P2,Outlook / email,User 0269,user.0269@example.com
INC100504,2026-08-12 14:56,2026-08-13 00:32,P3,Outlook / email,User 0085,user.0085@example.com
INC100505,2026-08-13 08:14,2026-08-13 11:56,P3,Outlook / email,User 0064,user.0064@example.com
INC100506,2026-08-12 08:24,2026-08-13 00:14,P4,Outlook / email,User 0025,user.0025@example.com
INC100507,2026-08-14 08:42,2026-08-14 11:20,P2,VPN,User 0064,user.0064@example.com
INC100508,2026-08-14 12:30,2026-08-14 16:18,P3,VPN,User 0005,user.0005@example.com
INC100509,2026-08-12 14:42,2026-08-12 19:23,P2,VPN,User 0359,user.0359@example.com
INC100510,2026-08-11 14:53,2026-08-12 17:38,P4,VPN,User 0145,user.0145@example.com
INC100511,2026-08-10 09:31,2026-08-10 16:05,P3,VPN,User 0268,user.0268@example.com
INC100512,2026-08-11 13:45,2026-08-11 18:21,P3,VPN,User 0107,user.0107@example.com
INC100513,2026-08-11 08:00,2026-08-11 20:16,P3,MFA / Authenticator,User 0047,user.0047@example.com
INC100514,2026-08-14 09:46,2026-08-15 18:02,P3,MFA / Authenticator,User 0234,user.0234@example.com
INC100515,2026-08-12 12:29,2026-08-12 19:22,P2,MFA / Authenticator,User 0347,user.0347@example.com
INC100516,2026-08-12 14:47,2026-08-12 20:06,P2,MFA / Authenticator,User 0225,user.0225@example.com
INC100517,2026-08-14 12:56,2026-08-14 21:07,P3,MFA / Authenticator,User 0059,user.0059@example.com
INC100518,2026-08-13 14:29,2026-08-13 19:01,P3,MFA / Authenticator,User 0216,user.0216@example.com
INC100519,2026-08-11 09:08,2026-08-11 14:37,P3,MFA / Authenticator,User 0303,user.0303@example.com
INC100520,2026-08-13 17:43,2026-08-14 10:31,P3,Printer,User 0314,user.0314@example.com
INC100521,2026-08-10 10:30,2026-08-11 00:28,P4,Printer,User 0024,user.0024@example.com
INC100522,2026-08-10 12:41,2026-08-11 07:54,P3,Printer,User 0393,user.0393@example.com
INC100523,2026-08-14 17:14,2026-08-16 02:21,P4,Printer,User 0268,user.0268@example.com
INC100524,2026-08-13 11:30,2026-08-14 00:55,P3,Laptop hardware,User 0286,user.0286@example.com
INC100525,2026-08-14 08:00,2026-08-14 12:13,P3,Laptop hardware,User 0124,user.0124@example.com
INC100526,2026-08-12 12:03,2026-08-12 22:55,P3,Laptop hardware,User 0121,user.0121@example.com
INC100527,2026-08-10 15:28,2026-08-11 09:56,P4,Laptop hardware,User 0229,user.0229@example.com
INC100528,2026-08-12 09:31,2026-08-12 13:52,P3,Laptop hardware,User 0019,user.0019@example.com
INC100529,2026-08-14 16:00,2026-08-18 04:41,P4,Software request,User 0288,user.0288@example.com
INC100530,2026-08-11 15:21,2026-08-11 20:53,P3,Software request,User 0233,user.0233@example.com
INC100531,2026-08-12 16:49,2026-08-13 02:02,P3,Software request,User 0367,user.0367@example.com
INC100532,2026-08-13 09:06,2026-08-13 15:34,P3,Software request,User 0325,user.0325@example.com
INC100533,2026-08-12 16:33,2026-08-13 02:07,P3,Software request,User 0381,user.0381@example.com
INC100534,2026-08-13 09:16,2026-08-13 17:25,P3,Software request,User 0098,user.0098@example.com
INC100535,2026-08-13 08:59,2026-08-13 21:13,P3,Network / Wi-Fi,User 0231,user.0231@example.com
INC100536,2026-08-13 17:32,2026-08-13 22:01,P2,Network / Wi-Fi,User 0025,user.0025@example.com
INC100537,2026-08-14 14:53,2026-08-14 17:55,P3,Network / Wi-Fi,User 0311,user.0311@example.com
INC100538,2026-08-12 16:56,2026-08-13 07:26,P3,Network / Wi-Fi,User 0176,user.0176@example.com
INC100539,2026-08-12 15:51,2026-08-12 19:26,P2,Network / Wi-Fi,User 0384,user.0384@example.com
INC100540,2026-08-14 12:53,2026-08-16 01:09,P3,Teams,User 0284,user.0284@example.com
INC100541,2026-08-11 11:13,2026-08-11 18:24,P3,Teams,User 0345,user.0345@example.com
INC100542,2026-08-11 10:32,2026-08-12 02:47,P3,Teams,User 0390,user.0390@example.com
INC100543,2026-08-12 16:30,2026-08-14 22:41,P3,Teams,User 0274,user.0274@example.com
INC100544,2026-08-17 16:06,2026-08-17 16:58,P1,Password reset,User 0103,user.0103@example.com
INC100545,2026-08-19 10:18,2026-08-20 00:44,P3,Password reset,User 0278,user.0278@example.com
INC100546,2026-08-17 13:52,2026-08-18 04:19,P3,Password reset,User 0288,user.0288@example.com
INC100547,2026-08-18 16:24,2026-08-20 11:13,P3,Password reset,User 0148,user.0148@example.com
INC100548,2026-08-17 14:24,2026-08-18 16:02,P3,Password reset,User 0283,user.0283@example.com
INC100549,2026-08-17 08:47,2026-08-18 02:24,P3,Password reset,User 0227,user.0227@example.com
INC100550,2026-08-18 13:48,2026-08-19 03:22,P3,Password reset,User 0372,user.0372@example.com
INC100551,2026-08-18 12:28,2026-08-18 17:49,P2,Password reset,User 0089,user.0089@example.com
INC100552,2026-08-21 09:24,2026-08-21 12:58,P2,Password reset,User 0083,user.0083@example.com
INC100553,2026-08-21 12:00,2026-08-22 00:54,P3,Password reset,User 0079,user.0079@example.com
INC100554,2026-08-19 17:03,2026-08-20 15:48,P3,Password reset,User 0155,user.0155@example.com
INC100555,2026-08-20 17:35,2026-08-21 08:56,P3,Password reset,User 0113,user.0113@example.com
INC100556,2026-08-18 16:04,2026-08-18 20:42,P3,Password reset,User 0207,user.0207@example.com
INC100557,2026-08-17 13:14,2026-08-18 21:58,P4,Password reset,User 0151,user.0151@example.com
INC100558,2026-08-18 17:33,2026-08-19 06:27,P3,Password reset,User 0333,user.0333@example.com
INC100559,2026-08-17 09:42,2026-08-17 14:26,P3,Password reset,User 0319,user.0319@example.com
INC100560,2026-08-18 08:43,2026-08-18 23:43,P4,Password reset,User 0059,user.0059@example.com
INC100561,2026-08-20 12:34,2026-08-20 16:11,P3,Password reset,User 0395,user.0395@example.com
INC100562,2026-08-19 16:51,2026-08-20 02:39,P3,Password reset,User 0334,user.0334@example.com
INC100563,2026-08-18 13:32,2026-08-18 20:36,P2,Password reset,User 0321,user.0321@example.com
INC100564,2026-08-17 11:42,2026-08-17 15:36,P3,Account lockout,User 0054,user.0054@example.com
INC100565,2026-08-18 16:53,2026-08-19 06:23,P3,Account lockout,User 0236,user.0236@example.com
INC100566,2026-08-19 08:05,2026-08-19 11:18,P2,Account lockout,User 0037,user.0037@example.com
INC100567,2026-08-21 11:58,2026-08-21 19:17,P3,Account lockout,User 0222,user.0222@example.com
INC100568,2026-08-19 08:24,2026-08-19 19:27,P3,Account lockout,User 0317,user.0317@example.com
INC100569,2026-08-17 17:02,2026-08-18 01:01,P3,Account lockout,User 0392,user.0392@example.com
INC100570,2026-08-20 14:25,2026-08-20 23:34,P4,Account lockout,User 0280,user.0280@example.com
INC100571,2026-08-19 10:19,2026-08-20 00:53,P3,Account lockout,User 0006,user.0006@example.com
INC100572,2026-08-21 16:09,2026-08-21 23:52,P2,Account lockout,User 0157,user.0157@example.com
INC100573,2026-08-18 13:13,2026-08-19 02:49,P3,Account lockout,User 0083,user.0083@example.com
INC100574,2026-08-18 11:39,2026-08-19 05:55,P4,Account lockout,User 0291,user.0291@example.com
INC100575,2026-08-17 16:29,2026-08-17 23:44,P3,Account lockout,User 0298,user.0298@example.com
INC100576,2026-08-20 13:22,2026-08-20 18:30,P2,Account lockout,User 0318,user.0318@example.com
INC100577,2026-08-17 11:20,2026-08-17 17:17,P3,Account lockout,User 0356,user.0356@example.com
INC100578,2026-08-21 10:36,2026-08-21 16:41,P3,Account lockout,User 0114,user.0114@example.com
INC100579,2026-08-20 12:53,2026-08-21 02:04,P3,Account lockout,User 0246,user.0246@example.com
INC100580,2026-08-20 15:22,2026-08-21 01:13,P3,Account lockout,User 0331,user.0331@example.com
INC100581,2026-08-21 09:53,2026-08-21 12:58,P3,Account lockout,User 0321,user.0321@example.com
INC100582,2026-08-17 09:57,2026-08-17 11:57,P1,Account lockout,User 0298,user.0298@example.com
INC100583,2026-08-18 08:35,2026-08-19 08:42,P3,Outlook / email,User 0335,user.0335@example.com
INC100584,2026-08-18 13:25,2026-08-19 17:59,P3,Outlook / email,User 0149,user.0149@example.com
INC100585,2026-08-18 15:32,2026-08-18 23:36,P3,Outlook / email,User 0340,user.0340@example.com
INC100586,2026-08-18 17:43,2026-08-18 22:18,P2,Outlook / email,User 0092,user.0092@example.com
INC100587,2026-08-21 17:42,2026-08-22 01:10,P4,Outlook / email,User 0184,user.0184@example.com
INC100588,2026-08-17 11:48,2026-08-17 16:41,P3,Outlook / email,User 0022,user.0022@example.com
INC100589,2026-08-18 16:58,2026-08-18 19:25,P3,Outlook / email,User 0024,user.0024@example.com
INC100590,2026-08-17 13:06,2026-08-18 00:28,P3,Outlook / email,User 0380,user.0380@example.com
INC100591,2026-08-19 17:34,2026-08-20 01:43,P3,VPN,User 0301,user.0301@example.com
INC100592,2026-08-17 16:16,2026-08-18 16:03,P3,VPN,User 0181,user.0181@example.com
INC100593,2026-08-19 15:50,2026-08-20 04:14,P3,VPN,User 0072,user.0072@example.com
INC100594,2026-08-20 10:14,2026-08-20 15:24,P2,VPN,User 0096,user.0096@example.com
INC100595,2026-08-17 11:26,2026-08-19 02:15,P4,MFA / Authenticator,User 0246,user.0246@example.com
INC100596,2026-08-20 11:37,2026-08-20 13:35,P2,MFA / Authenticator,User 0083,user.0083@example.com
INC100597,2026-08-18 16:02,2026-08-19 09:28,P4,MFA / Authenticator,User 0093,user.0093@example.com
INC100598,2026-08-21 14:38,2026-08-24 18:20,P4,MFA / Authenticator,User 0373,user.0373@example.com
INC100599,2026-08-19 09:13,2026-08-20 01:47,P3,MFA / Authenticator,User 0393,user.0393@example.com
INC100600,2026-08-18 17:42,2026-08-18 21:04,P3,MFA / Authenticator,User 0233,user.0233@example.com
INC100601,2026-08-21 17:04,2026-08-22 01:49,P3,MFA / Authenticator,User 0104,user.0104@example.com
INC100602,2026-08-21 16:43,2026-08-22 02:05,P3,MFA / Authenticator,User 0020,user.0020@example.com
INC100603,2026-08-21 16:48,2026-08-21 21:13,P2,MFA / Authenticator,User 0309,user.0309@example.com
INC100604,2026-08-21 08:57,2026-08-22 19:55,P4,MFA / Authenticator,User 0216,user.0216@example.com
INC100605,2026-08-19 08:44,2026-08-19 11:10,P3,Printer,User 0394,user.0394@example.com
INC100606,2026-08-20 13:37,2026-08-21 19:04,P4,Printer,User 0131,user.0131@example.com
INC100607,2026-08-20 11:58,2026-08-21 11:20,P4,Printer,User 0364,user.0364@example.com
INC100608,2026-08-17 17:33,2026-08-17 23:06,P2,Printer,User 0186,user.0186@example.com
INC100609,2026-08-17 10:27,2026-08-17 19:17,P3,Printer,User 0142,user.0142@example.com
INC100610,2026-08-20 11:26,2026-08-20 22:10,P3,Printer,User 0287,user.0287@example.com
INC100611,2026-08-21 15:16,2026-08-23 03:13,P4,Printer,User 0204,user.0204@example.com
INC100612,2026-08-18 09:47,2026-08-18 14:06,P3,Printer,User 0174,user.0174@example.com
INC100613,2026-08-21 17:44,2026-08-21 22:26,P3,Printer,User 0326,user.0326@example.com
INC100614,2026-08-17 09:52,2026-08-17 17:55,P2,Printer,User 0033,user.0033@example.com
INC100615,2026-08-21 08:46,2026-08-21 19:32,P3,Laptop hardware,User 0306,user.0306@example.com
INC100616,2026-08-17 10:40,2026-08-18 11:45,P3,Laptop hardware,User 0100,user.0100@example.com
INC100617,2026-08-17 17:32,2026-08-18 00:42,P3,Laptop hardware,User 0019,user.0019@example.com
INC100618,2026-08-19 11:41,2026-08-19 14:28,P1,Laptop hardware,User 0203,user.0203@example.com
INC100619,2026-08-20 17:12,2026-08-21 06:11,P3,Laptop hardware,User 0047,user.0047@example.com
INC100620,2026-08-21 12:46,2026-08-23 12:10,P4,Laptop hardware,User 0142,user.0142@example.com
INC100621,2026-08-18 17:12,2026-08-18 22:16,P3,Software request,User 0287,user.0287@example.com
INC100622,2026-08-17 16:18,2026-08-17 20:44,P3,Software request,User 0132,user.0132@example.com
INC100623,2026-08-21 17:16,2026-08-23 00:42,P3,Software request,User 0398,user.0398@example.com
INC100624,2026-08-20 15:57,2026-08-20 22:36,P3,Software request,User 0181,user.0181@example.com
INC100625,2026-08-21 16:00,2026-08-21 23:06,P3,Software request,User 0205,user.0205@example.com
INC100626,2026-08-19 09:35,2026-08-20 10:42,P4,Software request,User 0294,user.0294@example.com
INC100627,2026-08-19 10:47,2026-08-20 09:59,P3,Software request,User 0103,user.0103@example.com
INC100628,2026-08-18 11:55,2026-08-19 05:02,P3,Software request,User 0399,user.0399@example.com
INC100629,2026-08-17 09:58,2026-08-17 18:58,P2,Software request,User 0004,user.0004@example.com
INC100630,2026-08-21 08:54,2026-08-21 21:40,P3,Software request,User 0295,user.0295@example.com
INC100631,2026-08-19 15:11,2026-08-21 12:02,P4,Software request,User 0114,user.0114@example.com
INC100632,2026-08-21 10:03,2026-08-21 12:44,P3,Software request,User 0017,user.0017@example.com
INC100633,2026-08-21 13:25,2026-08-23 07:25,P4,Software request,User 0062,user.0062@example.com
INC100634,2026-08-17 08:43,2026-08-17 20:01,P3,Network / Wi-Fi,User 0314,user.0314@example.com
INC100635,2026-08-19 10:35,2026-08-19 18:47,P3,Network / Wi-Fi,User 0218,user.0218@example.com
INC100636,2026-08-18 14:44,2026-08-18 22:39,P3,Network / Wi-Fi,User 0231,user.0231@example.com
INC100637,2026-08-18 17:08,2026-08-21 11:59,P4,Network / Wi-Fi,User 0370,user.0370@example.com
INC100638,2026-08-19 11:35,2026-08-19 20:14,P3,Teams,User 0379,user.0379@example.com
INC100639,2026-08-18 15:51,2026-08-18 17:42,P1,Teams,User 0323,user.0323@example.com
INC100640,2026-08-21 16:46,2026-08-22 02:35,P3,Teams,User 0291,user.0291@example.com
INC100641,2026-08-25 08:13,2026-08-26 08:42,P4,Password reset,User 0231,user.0231@example.com
INC100642,2026-08-26 12:23,2026-08-27 02:02,P3,Password reset,User 0177,user.0177@example.com
INC100643,2026-08-24 14:07,2026-08-25 06:05,P3,Password reset,User 0296,user.0296@example.com
INC100644,2026-08-28 16:11,2026-08-29 11:25,P4,Password reset,User 0262,user.0262@example.com
INC100645,2026-08-27 15:56,2026-08-27 21:14,P2,Password reset,User 0075,user.0075@example.com
INC100646,2026-08-25 13:26,2026-08-26 05:43,P3,Password reset,User 0037,user.0037@example.com
INC100647,2026-08-24 10:21,2026-08-24 18:00,P3,Password reset,User 0137,user.0137@example.com
INC100648,2026-08-28 14:17,2026-08-30 08:38,P4,Password reset,User 0231,user.0231@example.com
INC100649,2026-08-27 10:11,2026-08-28 02:33,P4,Password reset,User 0129,user.0129@example.com
INC100650,2026-08-24 11:10,2026-08-24 20:52,P3,Password reset,User 0395,user.0395@example.com
INC100651,2026-08-27 16:48,2026-08-28 02:34,P4,Password reset,User 0044,user.0044@example.com
INC100652,2026-08-27 12:14,2026-08-27 17:45,P3,Password reset,User 0068,user.0068@example.com
INC100653,2026-08-28 10:01,2026-08-28 11:14,P2,Password reset,User 0244,user.0244@example.com
INC100654,2026-08-27 16:59,2026-08-27 18:32,P3,Password reset,User 0358,user.0358@example.com
INC100655,2026-08-28 10:37,2026-08-29 01:06,P3,Password reset,User 0289,user.0289@example.com
INC100656,2026-08-27 16:40,2026-08-28 00:04,P3,Password reset,User 0277,user.0277@example.com
INC100657,2026-08-25 09:28,2026-08-25 18:27,P3,Password reset,User 0006,user.0006@example.com
INC100658,2026-08-24 16:52,2026-08-24 22:46,P3,Password reset,User 0274,user.0274@example.com
INC100659,2026-08-24 15:48,2026-08-24 19:55,P3,Password reset,User 0150,user.0150@example.com
INC100660,2026-08-28 11:50,2026-08-28 13:31,P1,Password reset,User 0288,user.0288@example.com
INC100661,2026-08-27 14:15,2026-08-27 20:19,P2,Password reset,User 0194,user.0194@example.com
INC100662,2026-08-25 12:05,2026-08-25 15:17,P3,Password reset,User 0314,user.0314@example.com
INC100663,2026-08-26 12:41,2026-08-27 05:52,P3,Password reset,User 0036,user.0036@example.com
INC100664,2026-08-25 10:18,2026-08-25 14:31,P2,Password reset,User 0359,user.0359@example.com
INC100665,2026-08-28 15:12,2026-08-28 22:56,P3,Account lockout,User 0225,user.0225@example.com
INC100666,2026-08-24 11:05,2026-08-24 15:32,P2,Account lockout,User 0160,user.0160@example.com
INC100667,2026-08-27 13:29,2026-08-28 03:00,P3,Account lockout,User 0137,user.0137@example.com
INC100668,2026-08-27 09:34,2026-08-27 12:47,P3,Account lockout,User 0227,user.0227@example.com
INC100669,2026-08-25 08:12,2026-08-26 02:06,P3,Account lockout,User 0107,user.0107@example.com
INC100670,2026-08-27 14:43,2026-08-30 03:09,P4,Account lockout,User 0282,user.0282@example.com
INC100671,2026-08-28 09:16,2026-08-28 16:30,P3,Account lockout,User 0027,user.0027@example.com
INC100672,2026-08-25 09:15,2026-08-25 17:17,P3,Account lockout,User 0142,user.0142@example.com
INC100673,2026-08-28 09:25,2026-08-29 02:51,P3,Account lockout,User 0306,user.0306@example.com
INC100674,2026-08-25 13:49,2026-08-26 06:44,P2,Account lockout,User 0389,user.0389@example.com
INC100675,2026-08-24 08:22,2026-08-25 11:22,P3,Account lockout,User 0065,user.0065@example.com
INC100676,2026-08-27 11:20,2026-08-30 18:56,P4,Account lockout,User 0225,user.0225@example.com
INC100677,2026-08-27 13:46,2026-08-27 21:56,P2,Outlook / email,User 0225,user.0225@example.com
INC100678,2026-08-28 12:34,2026-08-28 19:19,P3,Outlook / email,User 0179,user.0179@example.com
INC100679,2026-08-26 15:17,2026-08-28 17:58,P4,Outlook / email,User 0083,user.0083@example.com
INC100680,2026-08-24 16:09,2026-08-25 12:38,P3,Outlook / email,User 0233,user.0233@example.com
INC100681,2026-08-24 16:24,2026-08-25 20:35,P3,Outlook / email,User 0187,user.0187@example.com
INC100682,2026-08-28 11:20,2026-08-29 01:34,P3,Outlook / email,User 0199,user.0199@example.com
INC100683,2026-08-25 16:43,2026-08-26 04:11,P3,Outlook / email,User 0166,user.0166@example.com
INC100684,2026-08-27 13:07,2026-08-27 18:13,P2,Outlook / email,User 0067,user.0067@example.com
INC100685,2026-08-25 08:12,2026-08-25 13:34,P2,Outlook / email,User 0251,user.0251@example.com
INC100686,2026-08-28 17:44,2026-08-28 23:14,P3,Outlook / email,User 0368,user.0368@example.com
INC100687,2026-08-24 08:59,2026-08-26 07:50,P4,Outlook / email,User 0328,user.0328@example.com
INC100688,2026-08-24 13:35,2026-08-25 02:29,P3,Outlook / email,User 0376,user.0376@example.com
INC100689,2026-08-24 12:04,2026-08-26 04:59,P4,Outlook / email,User 0098,user.0098@example.com
INC100690,2026-08-25 16:42,2026-08-26 04:24,P3,Outlook / email,User 0384,user.0384@example.com
INC100691,2026-08-28 14:47,2026-08-28 20:05,P2,VPN,User 0235,user.0235@example.com
INC100692,2026-08-27 09:10,2026-08-27 20:15,P3,VPN,User 0337,user.0337@example.com
INC100693,2026-08-25 16:38,2026-08-26 00:38,P3,VPN,User 0167,user.0167@example.com
INC100694,2026-08-26 14:48,2026-08-27 07:13,P3,VPN,User 0124,user.0124@example.com
INC100695,2026-08-28 16:13,2026-08-29 04:27,P3,VPN,User 0185,user.0185@example.com
INC100696,2026-08-27 08:46,2026-08-27 12:01,P2,MFA / Authenticator,User 0396,user.0396@example.com
INC100697,2026-08-26 16:32,2026-08-26 21:18,P3,MFA / Authenticator,User 0071,user.0071@example.com
INC100698,2026-08-26 13:56,2026-08-26 16:16,P3,MFA / Authenticator,User 0048,user.0048@example.com
INC100699,2026-08-28 14:36,2026-08-31 00:26,P4,MFA / Authenticator,User 0248,user.0248@example.com
INC100700,2026-08-25 15:52,2026-08-28 18:56,P4,MFA / Authenticator,User 0049,user.0049@example.com
INC100701,2026-08-28 12:02,2026-08-28 22:55,P3,MFA / Authenticator,User 0029,user.0029@example.com
INC100702,2026-08-26 13:56,2026-08-27 04:15,P4,MFA / Authenticator,User 0395,user.0395@example.com
INC100703,2026-08-25 17:59,2026-08-25 20:48,P1,MFA / Authenticator,User 0157,user.0157@example.com
INC100704,2026-08-28 08:20,2026-08-28 13:10,P3,MFA / Authenticator,User 0114,user.0114@example.com
INC100705,2026-08-25 08:43,2026-08-25 16:54,P3,MFA / Authenticator,User 0305,user.0305@example.com
INC100706,2026-08-28 16:05,2026-08-28 23:04,P3,MFA / Authenticator,User 0068,user.0068@example.com
INC100707,2026-08-26 09:30,2026-08-26 14:07,P3,Printer,User 0044,user.0044@example.com
INC100708,2026-08-27 16:27,2026-08-27 22:53,P3,Printer,User 0287,user.0287@example.com
INC100709,2026-08-25 15:25,2026-08-25 19:50,P3,Printer,User 0377,user.0377@example.com
INC100710,2026-08-28 11:15,2026-08-28 17:25,P2,Printer,User 0295,user.0295@example.com
INC100711,2026-08-24 09:42,2026-08-24 18:07,P3,Printer,User 0177,user.0177@example.com
INC100712,2026-08-28 08:49,2026-08-29 09:31,P3,Printer,User 0075,user.0075@example.com
INC100713,2026-08-25 11:43,2026-08-25 16:32,P3,Laptop hardware,User 0012,user.0012@example.com
INC100714,2026-08-26 11:47,2026-08-26 17:03,P3,Software request,User 0133,user.0133@example.com
INC100715,2026-08-28 15:39,2026-08-28 18:35,P3,Software request,User 0010,user.0010@example.com
INC100716,2026-08-27 17:57,2026-08-27 21:26,P3,Software request,User 0317,user.0317@example.com
INC100717,2026-08-26 08:29,2026-08-26 12:51,P3,Software request,User 0139,user.0139@example.com
INC100718,2026-08-26 09:01,2026-08-27 04:02,P3,Software request,User 0195,user.0195@example.com
INC100719,2026-08-28 09:57,2026-08-29 08:20,P3,Software request,User 0096,user.0096@example.com
INC100720,2026-08-25 16:29,2026-08-26 05:02,P3,Software request,User 0272,user.0272@example.com
INC100721,2026-08-26 13:31,2026-08-26 19:20,P3,Software request,User 0181,user.0181@example.com
INC100722,2026-08-26 12:15,2026-08-28 12:45,P4,Software request,User 0032,user.0032@example.com
INC100723,2026-08-26 14:56,2026-08-28 11:52,P4,Software request,User 0175,user.0175@example.com
INC100724,2026-08-27 10:05,2026-08-27 20:46,P3,Software request,User 0321,user.0321@example.com
INC100725,2026-08-25 14:15,2026-08-25 23:12,P3,Software request,User 0310,user.0310@example.com
INC100726,2026-08-26 15:34,2026-08-26 21:31,P2,Software request,User 0351,user.0351@example.com
INC100727,2026-08-26 16:58,2026-08-27 00:10,P2,Network / Wi-Fi,User 0286,user.0286@example.com
INC100728,2026-08-28 09:11,2026-08-28 17:47,P3,Network / Wi-Fi,User 0227,user.0227@example.com
INC100729,2026-08-26 10:49,2026-08-27 00:03,P3,Network / Wi-Fi,User 0306,user.0306@example.com
INC100730,2026-08-25 11:43,2026-08-25 13:35,P1,Network / Wi-Fi,User 0095,user.0095@example.com
INC100731,2026-08-27 15:30,2026-08-27 18:49,P2,Network / Wi-Fi,User 0381,user.0381@example.com
INC100732,2026-08-25 11:04,2026-08-25 19:28,P2,Network / Wi-Fi,User 0316,user.0316@example.com
INC100733,2026-08-27 13:55,2026-08-27 20:22,P3,Teams,User 0022,user.0022@example.com
INC100734,2026-09-02 14:39,2026-09-03 20:44,P4,Password reset,User 0329,user.0329@example.com
INC100735,2026-08-31 16:06,2026-08-31 22:45,P3,Password reset,User 0286,user.0286@example.com
INC100736,2026-09-03 16:48,2026-09-03 21:59,P3,Password reset,User 0204,user.0204@example.com
INC100737,2026-09-02 12:29,2026-09-02 16:38,P2,Password reset,User 0047,user.0047@example.com
INC100738,2026-09-04 09:11,2026-09-04 14:27,P3,Password reset,User 0231,user.0231@example.com
INC100739,2026-08-31 10:29,2026-08-31 23:38,P3,Password reset,User 0233,user.0233@example.com
INC100740,2026-08-31 12:20,2026-09-01 01:15,P3,Password reset,User 0059,user.0059@example.com
INC100741,2026-09-03 13:05,2026-09-03 18:43,P3,Password reset,User 0262,user.0262@example.com
INC100742,2026-09-04 10:24,2026-09-04 13:04,P3,Password reset,User 0077,user.0077@example.com
INC100743,2026-09-01 10:11,2026-09-01 15:18,P3,Password reset,User 0374,user.0374@example.com
INC100744,2026-09-03 12:40,2026-09-03 22:35,P3,Password reset,User 0312,user.0312@example.com
INC100745,2026-09-03 11:13,2026-09-03 20:48,P3,Password reset,User 0041,user.0041@example.com
INC100746,2026-09-04 17:00,2026-09-05 04:22,P3,Password reset,User 0286,user.0286@example.com
INC100747,2026-09-01 08:11,2026-09-01 13:16,P2,Password reset,User 0017,user.0017@example.com
INC100748,2026-09-04 17:19,2026-09-04 22:30,P3,Password reset,User 0359,user.0359@example.com
INC100749,2026-09-04 17:50,2026-09-05 02:26,P3,Account lockout,User 0394,user.0394@example.com
INC100750,2026-09-02 13:23,2026-09-06 08:13,P4,Account lockout,User 0282,user.0282@example.com
INC100751,2026-08-31 12:30,2026-08-31 18:02,P2,Account lockout,User 0270,user.0270@example.com
INC100752,2026-09-03 16:13,2026-09-04 03:35,P3,Account lockout,User 0374,user.0374@example.com
INC100753,2026-09-04 09:30,2026-09-05 02:08,P3,Account lockout,User 0362,user.0362@example.com
INC100754,2026-09-02 14:38,2026-09-03 05:52,P4,Account lockout,User 0320,user.0320@example.com
INC100755,2026-09-02 10:39,2026-09-02 21:12,P3,Account lockout,User 0253,user.0253@example.com
INC100756,2026-09-01 17:14,2026-09-02 01:59,P3,Account lockout,User 0287,user.0287@example.com
INC100757,2026-09-01 12:16,2026-09-01 18:57,P3,Outlook / email,User 0166,user.0166@example.com
INC100758,2026-08-31 09:43,2026-08-31 17:31,P3,Outlook / email,User 0015,user.0015@example.com
INC100759,2026-09-01 11:21,2026-09-03 19:13,P4,Outlook / email,User 0243,user.0243@example.com
INC100760,2026-08-31 10:30,2026-08-31 14:05,P2,Outlook / email,User 0172,user.0172@example.com
INC100761,2026-09-03 14:59,2026-09-04 07:20,P3,Outlook / email,User 0372,user.0372@example.com
INC100762,2026-09-02 16:34,2026-09-02 18:45,P1,Outlook / email,User 0182,user.0182@example.com
INC100763,2026-08-31 10:17,2026-09-01 06:40,P4,Outlook / email,User 0274,user.0274@example.com
INC100764,2026-09-01 17:38,2026-09-02 14:15,P3,Outlook / email,User 0385,user.0385@example.com
INC100765,2026-09-02 13:45,2026-09-02 17:41,P2,Outlook / email,User 0122,user.0122@example.com
INC100766,2026-09-02 15:53,2026-09-03 09:35,P4,Outlook / email,User 0058,user.0058@example.com
INC100767,2026-09-02 08:49,2026-09-02 13:05,P3,Outlook / email,User 0248,user.0248@example.com
INC100768,2026-09-04 10:12,2026-09-04 18:56,P3,Outlook / email,User 0159,user.0159@example.com
INC100769,2026-09-02 10:49,2026-09-03 18:19,P4,Outlook / email,User 0371,user.0371@example.com
INC100770,2026-08-31 15:24,2026-09-01 01:38,P3,Outlook / email,User 0023,user.0023@example.com
INC100771,2026-09-04 09:21,2026-09-04 13:07,P3,Outlook / email,User 0338,user.0338@example.com
INC100772,2026-09-02 08:36,2026-09-02 20:34,P3,VPN,User 0103,user.0103@example.com
INC100773,2026-09-01 12:17,2026-09-02 11:46,P3,VPN,User 0140,user.0140@example.com
INC100774,2026-09-01 10:17,2026-09-01 20:19,P2,VPN,User 0053,user.0053@example.com
INC100775,2026-09-01 16:22,2026-09-02 13:12,P3,VPN,User 0088,user.0088@example.com
INC100776,2026-09-02 16:28,2026-09-02 19:01,P2,MFA / Authenticator,User 0045,user.0045@example.com
INC100777,2026-09-03 14:11,2026-09-04 19:50,P3,MFA / Authenticator,User 0354,user.0354@example.com
INC100778,2026-09-03 17:22,2026-09-05 00:34,P3,MFA / Authenticator,User 0344,user.0344@example.com
INC100779,2026-09-04 09:59,2026-09-04 19:35,P3,MFA / Authenticator,User 0358,user.0358@example.com
INC100780,2026-09-03 09:29,2026-09-04 04:23,P3,MFA / Authenticator,User 0241,user.0241@example.com
INC100781,2026-09-01 11:09,2026-09-05 07:23,P4,MFA / Authenticator,User 0201,user.0201@example.com
INC100782,2026-09-01 13:50,2026-09-02 08:39,P4,MFA / Authenticator,User 0034,user.0034@example.com
INC100783,2026-09-03 09:22,2026-09-04 01:47,P3,MFA / Authenticator,User 0179,user.0179@example.com
INC100784,2026-09-04 17:08,2026-09-05 00:15,P3,MFA / Authenticator,User 0055,user.0055@example.com
INC100785,2026-09-02 16:41,2026-09-02 20:04,P2,MFA / Authenticator,User 0303,user.0303@example.com
INC100786,2026-09-03 11:39,2026-09-03 16:43,P3,MFA / Authenticator,User 0034,user.0034@example.com
INC100787,2026-09-02 11:52,2026-09-02 22:58,P3,MFA / Authenticator,User 0356,user.0356@example.com
INC100788,2026-09-01 10:42,2026-09-02 10:13,P3,Printer,User 0250,user.0250@example.com
INC100789,2026-08-31 17:38,2026-09-01 07:23,P3,Printer,User 0091,user.0091@example.com
INC100790,2026-09-02 14:04,2026-09-03 06:06,P3,Printer,User 0195,user.0195@example.com
INC100791,2026-09-02 15:41,2026-09-02 22:12,P3,Printer,User 0273,user.0273@example.com
INC100792,2026-09-02 14:39,2026-09-02 18:23,P3,Printer,User 0163,user.0163@example.com
INC100793,2026-09-02 17:50,2026-09-03 15:57,P4,Printer,User 0005,user.0005@example.com
INC100794,2026-09-04 16:25,2026-09-05 14:38,P4,Printer,User 0321,user.0321@example.com
INC100795,2026-09-02 14:25,2026-09-03 01:53,P3,Printer,User 0244,user.0244@example.com
INC100796,2026-09-01 11:35,2026-09-01 23:49,P3,Printer,User 0037,user.0037@example.com
INC100797,2026-09-03 14:08,2026-09-03 19:33,P2,Laptop hardware,User 0234,user.0234@example.com
INC100798,2026-09-04 14:39,2026-09-04 19:13,P2,Laptop hardware,User 0231,user.0231@example.com
INC100799,2026-09-03 13:14,2026-09-04 02:08,P3,Laptop hardware,User 0375,user.0375@example.com
INC100800,2026-09-01 16:17,2026-09-02 03:03,P3,Laptop hardware,User 0020,user.0020@example.com
INC100801,2026-09-04 15:45,2026-09-08 06:24,P3,Laptop hardware,User 0041,user.0041@example.com
INC100802,2026-09-01 16:54,2026-09-03 11:24,P4,Software request,User 0041,user.0041@example.com
INC100803,2026-09-04 17:05,2026-09-05 08:00,P3,Software request,User 0343,user.0343@example.com
INC100804,2026-08-31 16:51,2026-09-02 02:16,P3,Software request,User 0274,user.0274@example.com
INC100805,2026-08-31 15:29,2026-09-01 00:21,P3,Software request,User 0216,user.0216@example.com
INC100806,2026-09-02 12:18,2026-09-02 18:50,P2,Software request,User 0156,user.0156@example.com
INC100807,2026-09-04 12:03,2026-09-05 00:07,P3,Software request,User 0337,user.0337@example.com
INC100808,2026-09-02 17:01,2026-09-02 21:12,P3,Software request,User 0143,user.0143@example.com
INC100809,2026-09-02 10:39,2026-09-02 16:48,P3,Software request,User 0303,user.0303@example.com
INC100810,2026-09-01 15:23,2026-09-02 03:37,P4,Software request,User 0249,user.0249@example.com
INC100811,2026-08-31 13:05,2026-09-02 08:11,P4,Network / Wi-Fi,User 0254,user.0254@example.com
INC100812,2026-09-03 14:15,2026-09-04 03:28,P3,Network / Wi-Fi,User 0296,user.0296@example.com
INC100813,2026-09-02 08:41,2026-09-02 18:00,P3,Network / Wi-Fi,User 0244,user.0244@example.com
INC100814,2026-09-04 11:24,2026-09-04 19:58,P3,Network / Wi-Fi,User 0272,user.0272@example.com
INC100815,2026-09-03 08:18,2026-09-04 06:40,P4,Network / Wi-Fi,User 0272,user.0272@example.com
INC100816,2026-08-31 09:58,2026-08-31 13:46,P3,Network / Wi-Fi,User 0313,user.0313@example.com
INC100817,2026-09-02 13:17,2026-09-02 16:18,P3,Teams,User 0201,user.0201@example.com
INC100818,2026-09-03 11:46,2026-09-04 05:37,P3,Teams,User 0347,user.0347@example.com
INC100819,2026-09-01 13:35,2026-09-01 15:18,P1,Teams,User 0351,user.0351@example.com
INC100820,2026-09-03 13:14,2026-09-04 00:37,P3,Teams,User 0305,user.0305@example.com
INC100821,2026-09-01 17:40,2026-09-01 22:47,P2,Teams,User 0392,user.0392@example.com
INC100822,2026-09-04 10:57,2026-09-04 14:08,P2,Teams,User 0339,user.0339@example.com
INC100823,2026-08-31 15:59,2026-09-03 03:21,P4,Teams,User 0342,user.0342@example.com
INC100824,2026-09-08 09:17,2026-09-08 17:37,P3,Password reset,User 0031,user.0031@example.com
INC100825,2026-09-09 12:11,2026-09-09 21:03,P3,Password reset,User 0313,user.0313@example.com
INC100826,2026-09-10 10:41,2026-09-10 15:07,P3,Password reset,User 0227,user.0227@example.com
INC100827,2026-09-09 09:02,2026-09-09 13:52,P2,Password reset,User 0229,user.0229@example.com
INC100828,2026-09-07 15:09,2026-09-07 23:54,P3,Password reset,User 0169,user.0169@example.com
INC100829,2026-09-10 17:00,2026-09-11 17:19,P3,Password reset,User 0224,user.0224@example.com
INC100830,2026-09-10 09:34,2026-09-10 16:23,P3,Password reset,User 0247,user.0247@example.com
INC100831,2026-09-07 17:34,2026-09-08 10:40,P4,Password reset,User 0206,user.0206@example.com
INC100832,2026-09-07 09:23,2026-09-07 17:45,P3,Password reset,User 0332,user.0332@example.com
INC100833,2026-09-08 10:35,2026-09-08 14:36,P2,Password reset,User 0357,user.0357@example.com
INC100834,2026-09-10 09:40,2026-09-10 18:31,P3,Password reset,User 0225,user.0225@example.com
INC100835,2026-09-08 10:02,2026-09-09 03:27,P3,Password reset,User 0251,user.0251@example.com
INC100836,2026-09-10 09:50,2026-09-10 16:22,P3,Password reset,User 0231,user.0231@example.com
INC100837,2026-09-07 08:21,2026-09-07 14:03,P2,Password reset,User 0348,user.0348@example.com
INC100838,2026-09-11 10:47,2026-09-11 14:13,P3,Password reset,User 0242,user.0242@example.com
INC100839,2026-09-11 08:15,2026-09-11 14:33,P3,Password reset,User 0026,user.0026@example.com
INC100840,2026-09-09 09:29,2026-09-09 23:56,P3,Password reset,User 0305,user.0305@example.com
INC100841,2026-09-11 11:04,2026-09-12 05:02,P4,Password reset,User 0378,user.0378@example.com
INC100842,2026-09-10 13:07,2026-09-11 17:22,P4,Password reset,User 0110,user.0110@example.com
INC100843,2026-09-07 17:11,2026-09-07 23:31,P3,Password reset,User 0213,user.0213@example.com
INC100844,2026-09-08 13:35,2026-09-08 16:23,P2,Password reset,User 0069,user.0069@example.com
INC100845,2026-09-07 17:24,2026-09-07 21:11,P3,Password reset,User 0004,user.0004@example.com
INC100846,2026-09-07 10:59,2026-09-07 23:39,P2,Password reset,User 0214,user.0214@example.com
INC100847,2026-09-10 10:13,2026-09-10 13:28,P2,Account lockout,User 0123,user.0123@example.com
INC100848,2026-09-08 17:44,2026-09-08 20:28,P2,Account lockout,User 0046,user.0046@example.com
INC100849,2026-09-09 13:26,2026-09-09 15:01,P1,Account lockout,User 0272,user.0272@example.com
INC100850,2026-09-07 17:23,2026-09-08 17:08,P4,Account lockout,User 0107,user.0107@example.com
INC100851,2026-09-09 08:12,2026-09-09 16:40,P2,Account lockout,User 0082,user.0082@example.com
INC100852,2026-09-07 08:41,2026-09-07 15:23,P3,Account lockout,User 0316,user.0316@example.com
INC100853,2026-09-10 08:06,2026-09-11 01:47,P3,Account lockout,User 0060,user.0060@example.com
INC100854,2026-09-07 11:46,2026-09-07 23:17,P3,Account lockout,User 0383,user.0383@example.com
INC100855,2026-09-09 11:49,2026-09-09 15:13,P2,Account lockout,User 0212,user.0212@example.com
INC100856,2026-09-08 09:30,2026-09-08 13:56,P3,Outlook / email,User 0111,user.0111@example.com
INC100857,2026-09-11 15:11,2026-09-11 17:48,P3,Outlook / email,User 0324,user.0324@example.com
INC100858,2026-09-09 12:12,2026-09-09 19:57,P3,Outlook / email,User 0239,user.0239@example.com
INC100859,2026-09-10 14:10,2026-09-10 20:48,P3,Outlook / email,User 0081,user.0081@example.com
INC100860,2026-09-11 10:36,2026-09-13 12:52,P4,Outlook / email,User 0111,user.0111@example.com
INC100861,2026-09-11 15:53,2026-09-11 20:03,P3,Outlook / email,User 0127,user.0127@example.com
INC100862,2026-09-08 13:27,2026-09-09 16:18,P3,Outlook / email,User 0077,user.0077@example.com
INC100863,2026-09-11 08:26,2026-09-11 19:53,P4,Outlook / email,User 0394,user.0394@example.com
INC100864,2026-09-11 08:27,2026-09-11 17:26,P3,Outlook / email,User 0051,user.0051@example.com
INC100865,2026-09-10 15:15,2026-09-10 23:45,P2,Outlook / email,User 0209,user.0209@example.com
INC100866,2026-09-08 10:22,2026-09-08 22:11,P3,Outlook / email,User 0246,user.0246@example.com
INC100867,2026-09-09 10:45,2026-09-09 22:39,P3,Outlook / email,User 0233,user.0233@example.com
INC100868,2026-09-10 10:55,2026-09-11 02:27,P3,Outlook / email,User 0001,user.0001@example.com
INC100869,2026-09-07 14:57,2026-09-08 01:24,P3,Outlook / email,User 0386,user.0386@example.com
INC100870,2026-09-09 17:34,2026-09-09 21:24,P3,Outlook / email,User 0318,user.0318@example.com
INC100871,2026-09-09 08:32,2026-09-14 01:44,P4,Outlook / email,User 0057,user.0057@example.com
INC100872,2026-09-10 13:29,2026-09-10 21:56,P3,VPN,User 0287,user.0287@example.com
INC100873,2026-09-07 16:45,2026-09-07 22:27,P3,VPN,User 0277,user.0277@example.com
INC100874,2026-09-07 15:47,2026-09-14 12:53,P4,VPN,User 0108,user.0108@example.com
INC100875,2026-09-08 13:22,2026-09-09 15:31,P4,VPN,User 0028,user.0028@example.com
INC100876,2026-09-10 16:33,2026-09-11 17:01,P4,MFA / Authenticator,User 0273,user.0273@example.com
INC100877,2026-09-09 15:39,2026-09-10 09:32,P3,MFA / Authenticator,User 0034,user.0034@example.com
INC100878,2026-09-08 15:05,2026-09-08 22:00,P2,MFA / Authenticator,User 0040,user.0040@example.com
INC100879,2026-09-07 10:17,2026-09-07 13:33,P2,MFA / Authenticator,User 0105,user.0105@example.com
INC100880,2026-09-11 08:18,2026-09-11 17:50,P3,MFA / Authenticator,User 0378,user.0378@example.com
INC100881,2026-09-07 12:12,2026-09-07 18:44,P2,MFA / Authenticator,User 0267,user.0267@example.com
INC100882,2026-09-09 14:37,2026-09-10 03:07,P3,MFA / Authenticator,User 0304,user.0304@example.com
INC100883,2026-09-11 16:28,2026-09-12 12:12,P3,MFA / Authenticator,User 0157,user.0157@example.com
INC100884,2026-09-08 12:14,2026-09-08 17:05,P3,MFA / Authenticator,User 0234,user.0234@example.com
INC100885,2026-09-08 17:59,2026-09-08 22:38,P2,MFA / Authenticator,User 0090,user.0090@example.com
INC100886,2026-09-08 10:15,2026-09-08 14:26,P2,Printer,User 0106,user.0106@example.com
INC100887,2026-09-11 08:42,2026-09-11 16:26,P3,Printer,User 0277,user.0277@example.com
INC100888,2026-09-08 16:19,2026-09-09 02:19,P2,Printer,User 0260,user.0260@example.com
INC100889,2026-09-09 12:30,2026-09-12 14:09,P4,Printer,User 0227,user.0227@example.com
INC100890,2026-09-09 09:46,2026-09-09 21:26,P3,Printer,User 0183,user.0183@example.com
INC100891,2026-09-07 13:03,2026-09-07 18:12,P3,Printer,User 0393,user.0393@example.com
INC100892,2026-09-09 11:01,2026-09-09 21:23,P2,Printer,User 0045,user.0045@example.com
INC100893,2026-09-11 14:12,2026-09-12 02:37,P3,Printer,User 0029,user.0029@example.com
INC100894,2026-09-08 14:23,2026-09-08 19:01,P3,Laptop hardware,User 0158,user.0158@example.com
INC100895,2026-09-10 16:05,2026-09-11 00:38,P3,Laptop hardware,User 0084,user.0084@example.com
INC100896,2026-09-10 14:08,2026-09-11 19:05,P4,Laptop hardware,User 0156,user.0156@example.com
INC100897,2026-09-10 16:21,2026-09-10 18:58,P2,Laptop hardware,User 0140,user.0140@example.com
INC100898,2026-09-10 10:35,2026-09-11 09:18,P3,Laptop hardware,User 0103,user.0103@example.com
INC100899,2026-09-08 14:18,2026-09-09 06:42,P3,Laptop hardware,User 0287,user.0287@example.com
INC100900,2026-09-10 11:01,2026-09-10 17:01,P3,Laptop hardware,User 0328,user.0328@example.com
INC100901,2026-09-10 09:41,2026-09-10 17:20,P3,Laptop hardware,User 0353,user.0353@example.com
INC100902,2026-09-08 08:07,2026-09-08 15:57,P3,Software request,User 0307,user.0307@example.com
INC100903,2026-09-09 17:30,2026-09-10 21:12,P3,Software request,User 0244,user.0244@example.com
INC100904,2026-09-07 13:32,2026-09-08 00:34,P3,Software request,User 0237,user.0237@example.com
INC100905,2026-09-08 13:10,2026-09-08 16:31,P2,Software request,User 0183,user.0183@example.com
INC100906,2026-09-07 12:18,2026-09-08 13:29,P3,Software request,User 0393,user.0393@example.com
INC100907,2026-09-08 09:38,2026-09-08 23:51,P3,Software request,User 0351,user.0351@example.com
INC100908,2026-09-09 12:43,2026-09-09 20:05,P3,Software request,User 0181,user.0181@example.com
INC100909,2026-09-08 08:08,2026-09-08 15:53,P3,Software request,User 0175,user.0175@example.com
INC100910,2026-09-08 10:32,2026-09-09 06:31,P3,Network / Wi-Fi,User 0270,user.0270@example.com
INC100911,2026-09-11 16:44,2026-09-11 21:31,P3,Network / Wi-Fi,User 0040,user.0040@example.com
INC100912,2026-09-07 10:59,2026-09-07 12:21,P1,Network / Wi-Fi,User 0072,user.0072@example.com
INC100913,2026-09-10 17:33,2026-09-10 23:15,P3,Network / Wi-Fi,User 0015,user.0015@example.com
INC100914,2026-09-07 11:08,2026-09-08 03:56,P4,Network / Wi-Fi,User 0065,user.0065@example.com
INC100915,2026-09-08 10:05,2026-09-08 23:38,P3,Network / Wi-Fi,User 0010,user.0010@example.com
INC100916,2026-09-10 14:02,2026-09-11 02:00,P3,Teams,User 0130,user.0130@example.com
INC100917,2026-09-07 09:19,2026-09-08 18:38,P3,Teams,User 0309,user.0309@example.com
INC100918,2026-09-08 17:57,2026-09-09 05:55,P3,Teams,User 0075,user.0075@example.com
INC100919,2026-09-09 17:22,2026-09-10 06:00,P3,Teams,User 0035,user.0035@example.com
INC100920,2026-09-14 16:13,2026-09-15 01:23,P3,Password reset,User 0095,user.0095@example.com
INC100921,2026-09-17 09:11,2026-09-19 18:23,P4,Password reset,User 0264,user.0264@example.com
INC100922,2026-09-15 14:07,2026-09-15 21:06,P3,Password reset,User 0267,user.0267@example.com
INC100923,2026-09-15 15:48,2026-09-15 20:21,P3,Password reset,User 0043,user.0043@example.com
INC100924,2026-09-16 15:07,2026-09-16 23:34,P3,Password reset,User 0352,user.0352@example.com
INC100925,2026-09-17 11:35,2026-09-18 11:30,P3,Password reset,User 0036,user.0036@example.com
INC100926,2026-09-17 13:11,2026-09-17 16:11,P1,Password reset,User 0203,user.0203@example.com
INC100927,2026-09-17 16:42,2026-09-17 21:55,P3,Password reset,User 0356,user.0356@example.com
INC100928,2026-09-18 09:47,2026-09-20 12:59,P4,Password reset,User 0305,user.0305@example.com
INC100929,2026-09-17 09:14,2026-09-18 20:08,P4,Password reset,User 0366,user.0366@example.com
INC100930,2026-09-18 17:17,2026-09-18 23:41,P3,Password reset,User 0208,user.0208@example.com
INC100931,2026-09-17 16:17,2026-09-17 20:36,P2,Password reset,User 0251,user.0251@example.com
INC100932,2026-09-17 11:40,2026-09-19 12:02,P4,Password reset,User 0014,user.0014@example.com
INC100933,2026-09-15 14:38,2026-09-15 18:31,P3,Password reset,User 0050,user.0050@example.com
INC100934,2026-09-14 16:49,2026-09-15 02:20,P3,Password reset,User 0255,user.0255@example.com
INC100935,2026-09-17 16:16,2026-09-18 12:16,P3,Password reset,User 0010,user.0010@example.com
INC100936,2026-09-14 14:56,2026-09-15 13:05,P4,Password reset,User 0193,user.0193@example.com
INC100937,2026-09-17 15:02,2026-09-17 21:11,P2,Password reset,User 0156,user.0156@example.com
INC100938,2026-09-15 15:27,2026-09-15 21:40,P2,Password reset,User 0057,user.0057@example.com
INC100939,2026-09-18 15:42,2026-09-19 02:29,P3,Password reset,User 0288,user.0288@example.com
INC100940,2026-09-15 16:03,2026-09-16 00:20,P3,Password reset,User 0316,user.0316@example.com
INC100941,2026-09-16 12:20,2026-09-16 17:12,P2,Password reset,User 0188,user.0188@example.com
INC100942,2026-09-16 17:01,2026-09-17 05:19,P3,Password reset,User 0220,user.0220@example.com
INC100943,2026-09-16 13:26,2026-09-17 01:54,P3,Password reset,User 0332,user.0332@example.com
INC100944,2026-09-16 17:05,2026-09-17 07:29,P4,Password reset,User 0173,user.0173@example.com
INC100945,2026-09-15 08:34,2026-09-15 16:00,P3,Password reset,User 0291,user.0291@example.com
INC100946,2026-09-18 14:17,2026-09-18 16:14,P1,Password reset,User 0163,user.0163@example.com
INC100947,2026-09-17 17:24,2026-09-17 21:51,P3,Account lockout,User 0354,user.0354@example.com
INC100948,2026-09-15 13:31,2026-09-16 04:37,P3,Account lockout,User 0315,user.0315@example.com
INC100949,2026-09-16 13:27,2026-09-16 20:08,P3,Account lockout,User 0153,user.0153@example.com
INC100950,2026-09-18 14:51,2026-09-19 04:01,P3,Account lockout,User 0297,user.0297@example.com
INC100951,2026-09-14 17:21,2026-09-15 04:55,P3,Account lockout,User 0219,user.0219@example.com
INC100952,2026-09-15 13:50,2026-09-15 21:17,P2,Account lockout,User 0154,user.0154@example.com
INC100953,2026-09-17 16:20,2026-09-17 23:58,P3,Account lockout,User 0233,user.0233@example.com
INC100954,2026-09-18 10:56,2026-09-18 17:12,P1,Account lockout,User 0296,user.0296@example.com
INC100955,2026-09-17 11:42,2026-09-19 03:37,P4,Account lockout,User 0327,user.0327@example.com
INC100956,2026-09-18 17:54,2026-09-19 02:26,P3,Account lockout,User 0321,user.0321@example.com
INC100957,2026-09-14 16:12,2026-09-14 22:43,P3,Account lockout,User 0351,user.0351@example.com
INC100958,2026-09-16 14:26,2026-09-16 20:22,P3,Account lockout,User 0147,user.0147@example.com
INC100959,2026-09-15 12:43,2026-09-15 21:40,P3,Account lockout,User 0099,user.0099@example.com
INC100960,2026-09-14 11:51,2026-09-15 11:55,P4,Account lockout,User 0224,user.0224@example.com
INC100961,2026-09-17 08:12,2026-09-17 11:16,P2,Account lockout,User 0143,user.0143@example.com
INC100962,2026-09-14 15:50,2026-09-14 19:26,P1,Outlook / email,User 0209,user.0209@example.com
INC100963,2026-09-16 09:25,2026-09-17 18:40,P4,Outlook / email,User 0058,user.0058@example.com
INC100964,2026-09-18 16:59,2026-09-18 23:04,P2,Outlook / email,User 0397,user.0397@example.com
INC100965,2026-09-18 12:31,2026-09-19 08:08,P4,Outlook / email,User 0161,user.0161@example.com
INC100966,2026-09-16 17:47,2026-09-17 07:45,P3,Outlook / email,User 0217,user.0217@example.com
INC100967,2026-09-15 10:06,2026-09-15 18:41,P2,Outlook / email,User 0131,user.0131@example.com
INC100968,2026-09-18 08:31,2026-09-18 21:07,P3,Outlook / email,User 0280,user.0280@example.com
INC100969,2026-09-17 15:43,2026-09-17 19:10,P3,Outlook / email,User 0075,user.0075@example.com
INC100970,2026-09-16 15:45,2026-09-16 21:28,P3,Outlook / email,User 0311,user.0311@example.com
INC100971,2026-09-14 08:44,2026-09-15 17:01,P4,Outlook / email,User 0197,user.0197@example.com
INC100972,2026-09-16 13:57,2026-09-18 11:05,P4,Outlook / email,User 0202,user.0202@example.com
INC100973,2026-09-16 12:05,2026-09-18 00:47,P4,Outlook / email,User 0083,user.0083@example.com
INC100974,2026-09-17 13:56,2026-09-19 15:34,P4,Outlook / email,User 0141,user.0141@example.com
INC100975,2026-09-14 15:30,2026-09-15 10:48,P3,VPN,User 0217,user.0217@example.com
INC100976,2026-09-14 10:44,2026-09-14 15:21,P3,VPN,User 0374,user.0374@example.com
INC100977,2026-09-18 13:29,2026-09-19 10:41,P3,VPN,User 0095,user.0095@example.com
INC100978,2026-09-17 10:00,2026-09-17 22:07,P3,VPN,User 0043,user.0043@example.com
INC100979,2026-09-14 10:15,2026-09-15 11:23,P3,VPN,User 0164,user.0164@example.com
INC100980,2026-09-15 12:11,2026-09-15 18:04,P3,MFA / Authenticator,User 0094,user.0094@example.com
INC100981,2026-09-17 14:53,2026-09-21 12:38,P4,MFA / Authenticator,User 0237,user.0237@example.com
INC100982,2026-09-15 12:44,2026-09-16 17:47,P4,MFA / Authenticator,User 0189,user.0189@example.com
INC100983,2026-09-15 17:07,2026-09-15 19:18,P1,Printer,User 0233,user.0233@example.com
INC100984,2026-09-17 09:14,2026-09-18 00:16,P3,Printer,User 0254,user.0254@example.com
INC100985,2026-09-17 10:27,2026-09-18 00:14,P4,Printer,User 0215,user.0215@example.com
INC100986,2026-09-15 14:50,2026-09-15 18:26,P2,Printer,User 0317,user.0317@example.com
INC100987,2026-09-17 11:23,2026-09-17 23:11,P3,Printer,User 0241,user.0241@example.com
INC100988,2026-09-15 13:44,2026-09-15 19:55,P3,Printer,User 0217,user.0217@example.com
INC100989,2026-09-18 12:04,2026-09-18 14:46,P2,Printer,User 0121,user.0121@example.com
INC100990,2026-09-17 13:38,2026-09-18 03:44,P4,Printer,User 0155,user.0155@example.com
INC100991,2026-09-17 13:08,2026-09-18 18:51,P4,Printer,User 0134,user.0134@example.com
INC100992,2026-09-16 15:08,2026-09-16 21:07,P2,Laptop hardware,User 0134,user.0134@example.com
INC100993,2026-09-14 13:02,2026-09-15 14:18,P4,Laptop hardware,User 0144,user.0144@example.com
INC100994,2026-09-16 14:18,2026-09-16 21:18,P4,Laptop hardware,User 0136,user.0136@example.com
INC100995,2026-09-18 13:27,2026-09-20 00:18,P4,Laptop hardware,User 0337,user.0337@example.com
INC100996,2026-09-17 08:12,2026-09-17 10:35,P2,Laptop hardware,User 0224,user.0224@example.com
INC100997,2026-09-14 15:02,2026-09-15 00:33,P3,Laptop hardware,User 0369,user.0369@example.com
INC100998,2026-09-15 09:22,2026-09-15 15:43,P2,Laptop hardware,User 0087,user.0087@example.com
INC100999,2026-09-18 12:36,2026-09-19 20:10,P4,Software request,User 0003,user.0003@example.com
INC101000,2026-09-18 17:11,2026-09-20 19:32,P3,Software request,User 0014,user.0014@example.com
INC101001,2026-09-16 09:25,2026-09-16 17:42,P3,Software request,User 0236,user.0236@example.com
INC101002,2026-09-17 15:40,2026-09-19 16:29,P4,Software request,User 0375,user.0375@example.com
INC101003,2026-09-18 10:13,2026-09-20 00:52,P4,Software request,User 0029,user.0029@example.com
INC101004,2026-09-14 16:38,2026-09-15 01:26,P3,Software request,User 0395,user.0395@example.com
INC101005,2026-09-17 09:01,2026-09-17 20:28,P4,Software request,User 0335,user.0335@example.com
INC101006,2026-09-15 09:19,2026-09-15 16:17,P3,Software request,User 0159,user.0159@example.com
INC101007,2026-09-18 10:22,2026-09-19 06:31,P3,Software request,User 0251,user.0251@example.com
INC101008,2026-09-17 14:30,2026-09-18 01:42,P3,Software request,User 0217,user.0217@example.com
INC101009,2026-09-16 17:11,2026-09-17 02:25,P3,Software request,User 0175,user.0175@example.com
INC101010,2026-09-17 11:41,2026-09-17 16:37,P3,Software request,User 0323,user.0323@example.com
INC101011,2026-09-18 09:18,2026-09-18 22:24,P3,Software request,User 0128,user.0128@example.com
INC101012,2026-09-14 16:04,2026-09-15 18:44,P4,Network / Wi-Fi,User 0212,user.0212@example.com
INC101013,2026-09-14 15:42,2026-09-15 08:10,P3,Network / Wi-Fi,User 0300,user.0300@example.com
INC101014,2026-09-14 16:01,2026-09-14 21:15,P2,Network / Wi-Fi,User 0094,user.0094@example.com
INC101015,2026-09-17 08:05,2026-09-17 21:40,P3,Teams,User 0371,user.0371@example.com
INC101016,2026-09-17 15:39,2026-09-19 05:19,P4,Teams,User 0041,user.0041@example.com
INC101017,2026-09-18 12:55,2026-09-18 22:14,P3,Teams,User 0203,user.0203@example.com
INC101018,2026-09-14 08:10,2026-09-14 17:30,P3,Teams,User 0337,user.0337@example.com
INC101019,2026-09-18 15:19,2026-09-19 12:45,P3,Teams,User 0345,user.0345@example.com
INC101020,2026-09-23 09:08,,P2,Password reset,User 0247,user.0247@example.com
INC101021,2026-09-22 11:27,,P4,Password reset,User 0395,user.0395@example.com
INC101022,2026-09-24 10:30,2026-09-25 02:04,P3,Password reset,User 0011,user.0011@example.com
INC101023,2026-09-24 17:15,,P3,Password reset,User 0005,user.0005@example.com
INC101024,2026-09-21 14:26,2026-09-23 11:39,P4,Password reset,User 0149,user.0149@example.com
INC101025,2026-09-21 15:25,2026-09-22 04:08,P3,Password reset,User 0250,user.0250@example.com
INC101026,2026-09-22 08:33,2026-09-22 10:49,P1,Password reset,User 0332,user.0332@example.com
INC101027,2026-09-24 15:07,2026-09-25 11:05,P3,Password reset,User 0011,user.0011@example.com
INC101028,2026-09-22 12:46,2026-09-22 20:52,P3,Password reset,User 0351,user.0351@example.com
INC101029,2026-09-23 17:54,2026-09-25 00:43,P4,Password reset,User 0365,user.0365@example.com
INC101030,2026-09-24 14:53,2026-09-25 23:26,P4,Password reset,User 0083,user.0083@example.com
INC101031,2026-09-25 11:18,2026-09-25 15:41,P3,Password reset,User 0081,user.0081@example.com
INC101032,2026-09-25 15:06,2026-09-26 15:42,P3,Password reset,User 0286,user.0286@example.com
INC101033,2026-09-21 08:22,2026-09-22 06:30,P4,Password reset,User 0258,user.0258@example.com
INC101034,2026-09-21 09:21,2026-09-21 20:49,P3,Password reset,User 0133,user.0133@example.com
INC101035,2026-09-23 13:49,2026-09-23 20:31,P2,Password reset,User 0354,user.0354@example.com
INC101036,2026-09-25 17:42,2026-09-26 01:33,P2,Password reset,User 0053,user.0053@example.com
INC101037,2026-09-25 08:32,2026-09-25 18:19,P2,Password reset,User 0081,user.0081@example.com
INC101038,2026-09-23 15:48,2026-09-24 04:50,P3,Password reset,User 0172,user.0172@example.com
INC101039,2026-09-22 09:54,2026-09-22 19:31,P3,Password reset,User 0137,user.0137@example.com
INC101040,2026-09-23 14:23,2026-09-23 17:50,P3,Password reset,User 0117,user.0117@example.com
INC101041,2026-09-22 14:26,2026-09-23 17:42,P4,Password reset,User 0227,user.0227@example.com
INC101042,2026-09-22 08:45,2026-09-24 14:08,P4,Password reset,User 0295,user.0295@example.com
INC101043,2026-09-21 16:18,2026-09-21 23:45,P3,Password reset,User 0271,user.0271@example.com
INC101044,2026-09-25 10:44,2026-09-27 00:04,P3,Password reset,User 0317,user.0317@example.com
INC101045,2026-09-24 13:56,2026-09-26 14:30,P4,Password reset,User 0044,user.0044@example.com
INC101046,2026-09-21 16:21,2026-09-22 02:49,P3,Password reset,User 0262,user.0262@example.com
INC101047,2026-09-25 12:33,2026-09-26 00:05,P3,Password reset,User 0277,user.0277@example.com
INC101048,2026-09-25 12:15,2026-09-26 07:07,P4,Password reset,User 0375,user.0375@example.com
INC101049,2026-09-21 13:16,2026-09-21 21:48,P3,Account lockout,User 0064,user.0064@example.com
INC101050,2026-09-24 12:36,2026-09-25 07:32,P3,Account lockout,User 0274,user.0274@example.com
INC101051,2026-09-25 11:22,2026-09-26 12:41,P3,Account lockout,User 0072,user.0072@example.com
INC101052,2026-09-24 16:47,2026-09-24 23:19,P3,Account lockout,User 0185,user.0185@example.com
INC101053,2026-09-24 09:09,2026-09-24 18:43,P3,Account lockout,User 0270,user.0270@example.com
INC101054,2026-09-24 17:35,2026-09-25 02:12,P3,Account lockout,User 0217,user.0217@example.com
INC101055,2026-09-24 15:46,2026-09-26 04:55,P4,Account lockout,User 0365,user.0365@example.com
INC101056,2026-09-24 10:45,2026-09-24 21:46,P3,Account lockout,User 0017,user.0017@example.com
INC101057,2026-09-22 16:23,2026-09-23 06:53,P4,Account lockout,User 0268,user.0268@example.com
INC101058,2026-09-22 09:23,,P3,Account lockout,User 0074,user.0074@example.com
INC101059,2026-09-22 17:26,2026-09-22 21:53,P2,Account lockout,User 0023,user.0023@example.com
INC101060,2026-09-25 15:57,2026-09-25 20:36,P3,Outlook / email,User 0068,user.0068@example.com
INC101061,2026-09-22 16:40,2026-09-23 01:46,P3,Outlook / email,User 0167,user.0167@example.com
INC101062,2026-09-21 17:42,2026-09-21 20:49,P3,Outlook / email,User 0024,user.0024@example.com
INC101063,2026-09-24 12:41,2026-09-24 19:40,P2,Outlook / email,User 0331,user.0331@example.com
INC101064,2026-09-21 16:05,,P3,Outlook / email,User 0292,user.0292@example.com
INC101065,2026-09-25 11:48,2026-09-25 15:54,P3,Outlook / email,User 0228,user.0228@example.com
INC101066,2026-09-21 16:38,2026-09-22 04:36,P3,Outlook / email,User 0175,user.0175@example.com
INC101067,2026-09-24 10:26,,P1,Outlook / email,User 0051,user.0051@example.com
INC101068,2026-09-25 10:18,2026-09-25 13:57,P2,Outlook / email,User 0209,user.0209@example.com
INC101069,2026-09-22 08:39,2026-09-22 17:45,P4,Outlook / email,User 0051,user.0051@example.com
INC101070,2026-09-23 10:26,2026-09-24 00:33,P4,VPN,User 0261,user.0261@example.com
INC101071,2026-09-25 14:07,,P3,VPN,User 0015,user.0015@example.com
INC101072,2026-09-24 11:58,2026-09-25 20:20,P4,VPN,User 0065,user.0065@example.com
INC101073,2026-09-23 17:26,2026-09-24 13:50,P3,VPN,User 0073,user.0073@example.com
INC101074,2026-09-23 16:10,2026-09-24 02:51,P3,VPN,User 0232,user.0232@example.com
INC101075,2026-09-21 08:52,2026-09-22 00:58,P3,VPN,User 0001,user.0001@example.com
INC101076,2026-09-21 15:17,2026-09-22 08:51,P3,VPN,User 0324,user.0324@example.com
INC101077,2026-09-22 17:53,2026-09-23 04:51,P3,VPN,User 0063,user.0063@example.com
INC101078,2026-09-22 16:17,2026-09-23 07:16,P4,VPN,User 0350,user.0350@example.com
INC101079,2026-09-23 12:48,2026-09-23 17:48,P3,VPN,User 0108,user.0108@example.com
INC101080,2026-09-24 17:21,,P1,VPN,User 0244,user.0244@example.com
INC101081,2026-09-21 08:43,2026-09-21 13:54,P2,VPN,User 0202,user.0202@example.com
INC101082,2026-09-25 09:50,2026-09-26 21:15,P4,VPN,User 0344,user.0344@example.com
INC101083,2026-09-24 09:22,2026-09-25 04:46,P4,VPN,User 0394,user.0394@example.com
INC101084,2026-09-21 09:29,2026-09-22 13:39,P3,VPN,User 0364,user.0364@example.com
INC101085,2026-09-23 11:05,2026-09-25 11:15,P4,VPN,User 0253,user.0253@example.com
INC101086,2026-09-23 08:17,,P3,VPN,User 0327,user.0327@example.com
INC101087,2026-09-24 09:55,2026-09-24 19:55,P3,VPN,User 0379,user.0379@example.com
INC101088,2026-09-25 17:36,2026-09-25 23:28,P2,VPN,User 0292,user.0292@example.com
INC101089,2026-09-22 16:46,2026-09-22 20:30,P3,VPN,User 0355,user.0355@example.com
INC101090,2026-09-25 17:16,2026-09-26 01:12,P3,VPN,User 0166,user.0166@example.com
INC101091,2026-09-24 14:17,2026-09-24 18:54,P2,VPN,User 0023,user.0023@example.com
INC101092,2026-09-22 08:17,2026-09-23 11:28,P4,VPN,User 0172,user.0172@example.com
INC101093,2026-09-21 17:51,2026-09-21 19:43,P1,VPN,User 0085,user.0085@example.com
INC101094,2026-09-21 08:30,2026-09-21 14:35,P3,MFA / Authenticator,User 0028,user.0028@example.com
INC101095,2026-09-23 16:50,2026-09-23 20:09,P3,MFA / Authenticator,User 0049,user.0049@example.com
INC101096,2026-09-24 17:07,,P2,MFA / Authenticator,User 0066,user.0066@example.com
INC101097,2026-09-21 15:03,2026-09-22 02:32,P3,MFA / Authenticator,User 0287,user.0287@example.com
INC101098,2026-09-21 12:54,2026-09-21 17:56,P3,MFA / Authenticator,User 0006,user.0006@example.com
INC101099,2026-09-24 14:29,2026-09-25 18:24,P3,MFA / Authenticator,User 0346,user.0346@example.com
INC101100,2026-09-21 15:33,2026-09-21 22:34,P3,MFA / Authenticator,User 0035,user.0035@example.com
INC101101,2026-09-25 11:57,2026-09-26 00:02,P3,MFA / Authenticator,User 0372,user.0372@example.com
INC101102,2026-09-25 15:11,2026-09-25 22:16,P3,Printer,User 0387,user.0387@example.com
INC101103,2026-09-23 12:37,2026-09-24 23:53,P4,Printer,User 0176,user.0176@example.com
INC101104,2026-09-23 13:00,2026-09-24 01:05,P3,Printer,User 0287,user.0287@example.com
INC101105,2026-09-21 14:22,2026-09-22 05:59,P3,Printer,User 0356,user.0356@example.com
INC101106,2026-09-24 17:44,2026-09-25 06:00,P3,Printer,User 0233,user.0233@example.com
INC101107,2026-09-21 15:14,2026-09-23 07:04,P4,Printer,User 0110,user.0110@example.com
INC101108,2026-09-22 15:47,2026-09-22 23:51,P3,Printer,User 0004,user.0004@example.com
INC101109,2026-09-23 08:04,2026-09-23 18:44,P3,Printer,User 0324,user.0324@example.com
INC101110,2026-09-21 08:12,2026-09-21 22:15,P3,Laptop hardware,User 0092,user.0092@example.com
INC101111,2026-09-22 08:11,2026-09-23 18:13,P4,Laptop hardware,User 0057,user.0057@example.com
INC101112,2026-09-23 11:19,2026-09-23 19:23,P3,Software request,User 0270,user.0270@example.com
INC101113,2026-09-25 14:56,2026-09-25 21:11,P3,Software request,User 0356,user.0356@example.com
INC101114,2026-09-23 13:38,2026-09-26 00:35,P3,Software request,User 0301,user.0301@example.com
INC101115,2026-09-22 16:18,2026-09-23 00:35,P3,Software request,User 0065,user.0065@example.com
INC101116,2026-09-25 17:56,2026-09-26 23:34,P3,Software request,User 0315,user.0315@example.com
INC101117,2026-09-21 10:32,2026-09-21 18:10,P3,Software request,User 0365,user.0365@example.com
INC101118,2026-09-23 16:44,2026-09-24 17:07,P3,Software request,User 0327,user.0327@example.com
INC101119,2026-09-21 11:14,2026-09-22 11:44,P4,Network / Wi-Fi,User 0218,user.0218@example.com
INC101120,2026-09-24 17:10,2026-09-25 13:07,P4,Network / Wi-Fi,User 0044,user.0044@example.com
INC101121,2026-09-23 15:33,2026-09-24 03:18,P3,Network / Wi-Fi,User 0219,user.0219@example.com
INC101122,2026-09-24 15:27,2026-09-25 07:16,P3,Network / Wi-Fi,User 0092,user.0092@example.com
INC101123,2026-09-24 11:16,2026-09-24 19:48,P3,Network / Wi-Fi,User 0263,user.0263@example.com
INC101124,2026-09-25 09:50,2026-09-25 17:06,P3,Network / Wi-Fi,User 0280,user.0280@example.com
INC101125,2026-09-22 13:12,2026-09-22 16:50,P3,Network / Wi-Fi,User 0141,user.0141@example.com
INC101126,2026-09-22 17:08,2026-09-25 10:04,P4,Network / Wi-Fi,User 0005,user.0005@example.com
INC101127,2026-09-23 12:52,,P3,Teams,User 0335,user.0335@example.com
INC101128,2026-09-25 10:55,2026-09-25 14:10,P3,Teams,User 0265,user.0265@example.com
INC101129,2026-09-25 16:48,,P3,Teams,User 0097,user.0097@example.com
INC101130,2026-09-24 14:13,2026-09-24 18:52,P3,Teams,User 0338,user.0338@example.com
